timestamp,predicted_capacity
2024-09-29 07:00:00,3717.19873046875
2024-09-29 08:00:00,3530.75390625
2024-09-29 09:00:00,3482.415283203125
2024-09-29 10:00:00,3520.674072265625
2024-09-29 11:00:00,3486.281982421875
2024-09-29 12:00:00,3414.8134765625
2024-09-29 13:00:00,3451.87451171875
2024-09-29 14:00:00,3533.74951171875
2024-09-29 15:00:00,3597.27099609375
2024-09-29 16:00:00,3519.17333984375
2024-09-29 17:00:00,3577.715576171875
2024-09-29 18:00:00,3669.324951171875
2024-09-29 19:00:00,3674.88671875
2024-09-29 20:00:00,3582.53564453125
2024-09-29 21:00:00,3891.484130859375
2024-09-29 22:00:00,3856.37255859375
2024-09-29 23:00:00,3773.988525390625
2024-09-30 00:00:00,3732.0830078125
2024-09-30 01:00:00,3709.785400390625
2024-09-30 02:00:00,3692.262939453125
2024-09-30 03:00:00,3822.599365234375
2024-09-30 04:00:00,3680.36669921875
2024-09-30 05:00:00,3834.880126953125
2024-09-30 06:00:00,3841.607177734375
2024-09-30 07:00:00,3924.11083984375
2024-09-30 08:00:00,4167.505859375
2024-09-30 09:00:00,4115.79150390625
2024-09-30 10:00:00,4045.80712890625
2024-09-30 11:00:00,3949.596923828125
2024-09-30 12:00:00,3857.689453125
2024-09-30 13:00:00,3888.989990234375
2024-09-30 14:00:00,3883.8369140625
2024-09-30 15:00:00,3886.51708984375
2024-09-30 16:00:00,3930.640869140625
2024-09-30 17:00:00,3904.875244140625
2024-09-30 18:00:00,3936.072509765625
2024-09-30 19:00:00,3898.908447265625
2024-09-30 20:00:00,3981.044189453125
2024-09-30 21:00:00,4034.739990234375
2024-09-30 22:00:00,3917.222412109375
2024-09-30 23:00:00,3795.4794921875
2024-10-01 00:00:00,3715.116943359375
2024-10-01 01:00:00,3678.939697265625
2024-10-01 02:00:00,3659.70751953125
2024-10-01 03:00:00,3729.919189453125
2024-10-01 04:00:00,3668.586181640625
2024-10-01 05:00:00,3775.14501953125
2024-10-01 06:00:00,3907.603271484375
2024-10-01 07:00:00,3850.015869140625
2024-10-01 08:00:00,3917.038818359375
2024-10-01 09:00:00,3859.966064453125
2024-10-01 10:00:00,3826.303466796875
2024-10-01 11:00:00,3790.12353515625
2024-10-01 12:00:00,3739.106201171875
2024-10-01 13:00:00,3707.662109375
2024-10-01 14:00:00,3693.012939453125
2024-10-01 15:00:00,3784.831298828125
2024-10-01 16:00:00,3903.10107421875
2024-10-01 17:00:00,3883.67236328125
2024-10-01 18:00:00,3833.443603515625
2024-10-01 19:00:00,3766.19140625
2024-10-01 20:00:00,3763.975830078125
2024-10-01 21:00:00,3727.101806640625
2024-10-01 22:00:00,3698.39013671875
2024-10-01 23:00:00,3691.288330078125
2024-10-02 00:00:00,3607.864990234375
2024-10-02 01:00:00,3623.034912109375
2024-10-02 02:00:00,3670.96875
2024-10-02 03:00:00,3683.75
2024-10-02 04:00:00,3849.4560546875
2024-10-02 05:00:00,3883.42724609375
2024-10-02 06:00:00,3962.825439453125
2024-10-02 07:00:00,3927.512451171875
2024-10-02 08:00:00,3970.964599609375
2024-10-02 09:00:00,3854.806640625
2024-10-02 10:00:00,3842.21240234375
2024-10-02 11:00:00,3888.57177734375
2024-10-02 12:00:00,3916.34912109375
2024-10-02 13:00:00,3867.496826171875
2024-10-02 14:00:00,3880.344970703125
2024-10-02 15:00:00,3937.243408203125
2024-10-02 16:00:00,3988.87109375
2024-10-02 17:00:00,3967.550048828125
2024-10-02 18:00:00,3945.973876953125
2024-10-02 19:00:00,3922.404541015625
2024-10-02 20:00:00,3822.29443359375
2024-10-02 21:00:00,3773.22509765625
2024-10-02 22:00:00,3864.9267578125
2024-10-02 23:00:00,3832.722412109375
2024-10-03 00:00:00,3753.541748046875
2024-10-03 01:00:00,3810.82470703125
2024-10-03 02:00:00,3839.73291015625
2024-10-03 03:00:00,3861.962158203125
2024-10-03 04:00:00,3959.546142578125
2024-10-03 05:00:00,3891.480224609375
2024-10-03 06:00:00,3923.6982421875
2024-10-03 07:00:00,3939.45361328125
2024-10-03 08:00:00,3979.620361328125
2024-10-03 09:00:00,3913.963623046875
2024-10-03 10:00:00,3927.656494140625
2024-10-03 11:00:00,3970.92236328125
2024-10-03 12:00:00,3891.011962890625
2024-10-03 13:00:00,3916.062744140625
2024-10-03 14:00:00,3934.13232421875
2024-10-03 15:00:00,3997.117431640625
2024-10-03 16:00:00,4113.984375
2024-10-03 17:00:00,4021.870361328125
2024-10-03 18:00:00,4014.7841796875
2024-10-03 19:00:00,3948.18798828125
2024-10-03 20:00:00,3941.6630859375
2024-10-03 21:00:00,3979.54931640625
2024-10-03 22:00:00,3943.364990234375
2024-10-03 23:00:00,3975.44091796875
2024-10-04 00:00:00,3901.946533203125
2024-10-04 01:00:00,3858.834228515625
2024-10-04 02:00:00,3849.27099609375
2024-10-04 03:00:00,3871.392578125
2024-10-04 04:00:00,3979.92333984375
2024-10-04 05:00:00,3996.64501953125
2024-10-04 06:00:00,4034.887451171875
2024-10-04 07:00:00,3991.877197265625
2024-10-04 08:00:00,3984.0498046875
2024-10-04 09:00:00,3930.083251953125
2024-10-04 10:00:00,3841.52197265625
2024-10-04 11:00:00,3784.79345703125
2024-10-04 12:00:00,3817.1728515625
2024-10-04 13:00:00,3913.20166015625
2024-10-04 14:00:00,3929.325927734375
2024-10-04 15:00:00,4005.753662109375
2024-10-04 16:00:00,4056.0830078125
2024-10-04 17:00:00,4043.453125
2024-10-04 18:00:00,4003.330322265625
2024-10-04 19:00:00,4038.134033203125
2024-10-04 20:00:00,3962.525146484375
2024-10-04 21:00:00,4067.487548828125
2024-10-04 22:00:00,4033.551025390625
2024-10-04 23:00:00,3990.284423828125
2024-10-05 00:00:00,3954.6728515625
2024-10-05 01:00:00,3933.028076171875
2024-10-05 02:00:00,3904.691162109375
2024-10-05 03:00:00,3857.198974609375
2024-10-05 04:00:00,3932.535400390625
2024-10-05 05:00:00,3833.023193359375
2024-10-05 06:00:00,3657.499755859375
2024-10-05 07:00:00,3722.1025390625
2024-10-05 08:00:00,3739.639892578125
2024-10-05 09:00:00,3707.76171875
2024-10-05 10:00:00,3644.492431640625
2024-10-05 11:00:00,3586.285888671875
2024-10-05 12:00:00,3552.72021484375
2024-10-05 13:00:00,3677.13671875
2024-10-05 14:00:00,3726.64990234375
2024-10-05 15:00:00,3781.765380859375
2024-10-05 16:00:00,3712.676513671875
2024-10-05 17:00:00,3659.410888671875
2024-10-05 18:00:00,3784.4619140625
2024-10-05 19:00:00,3854.490966796875
2024-10-05 20:00:00,3939.987548828125
2024-10-05 21:00:00,4036.898681640625
2024-10-05 22:00:00,3966.08056640625
2024-10-05 23:00:00,3887.49755859375
2024-10-06 00:00:00,3835.252197265625
2024-10-06 01:00:00,3800.487548828125
2024-10-06 02:00:00,3791.458740234375
2024-10-06 03:00:00,3799.350341796875
2024-10-06 04:00:00,3866.069580078125
2024-10-06 05:00:00,3930.496337890625
2024-10-06 06:00:00,3967.1923828125
2024-10-06 07:00:00,3923.4814453125
2024-10-06 08:00:00,3795.7822265625
2024-10-06 09:00:00,3702.319580078125
2024-10-06 10:00:00,3590.26123046875
2024-10-06 11:00:00,3534.7470703125
2024-10-06 12:00:00,3499.27685546875
2024-10-06 13:00:00,3558.302734375
2024-10-06 14:00:00,3745.089111328125
2024-10-06 15:00:00,3910.444091796875
2024-10-06 16:00:00,3736.342041015625
2024-10-06 17:00:00,3762.52197265625
2024-10-06 18:00:00,3892.80615234375
2024-10-06 19:00:00,3916.370849609375
2024-10-06 20:00:00,3961.084716796875
2024-10-06 21:00:00,3981.28076171875
2024-10-06 22:00:00,3884.743408203125
2024-10-06 23:00:00,3792.9755859375
2024-10-07 00:00:00,3720.399169921875
2024-10-07 01:00:00,3710.26123046875
2024-10-07 02:00:00,3724.838623046875
2024-10-07 03:00:00,3833.762939453125
2024-10-07 04:00:00,3935.55126953125
2024-10-07 05:00:00,3823.046142578125
2024-10-07 06:00:00,3897.141845703125
2024-10-07 07:00:00,3977.23291015625
2024-10-07 08:00:00,4044.05810546875
2024-10-07 09:00:00,4042.671875
2024-10-07 10:00:00,3891.70703125
2024-10-07 11:00:00,3867.018310546875
2024-10-07 12:00:00,3879.038330078125
2024-10-07 13:00:00,4013.447265625
2024-10-07 14:00:00,3981.57568359375
2024-10-07 15:00:00,3972.0234375
2024-10-07 16:00:00,4087.428955078125
2024-10-07 17:00:00,4058.674560546875
2024-10-07 18:00:00,4117.54736328125
2024-10-07 19:00:00,4066.02685546875
2024-10-07 20:00:00,4036.158447265625
2024-10-07 21:00:00,3995.3369140625
2024-10-07 22:00:00,3891.7333984375
2024-10-07 23:00:00,3839.217041015625
2024-10-08 00:00:00,3828.352294921875
2024-10-08 01:00:00,3755.629150390625
2024-10-08 02:00:00,3758.923828125
2024-10-08 03:00:00,3742.16796875
2024-10-08 04:00:00,3627.85888671875
2024-10-08 05:00:00,3796.48828125
2024-10-08 06:00:00,3915.197509765625
2024-10-08 07:00:00,4187.94091796875
2024-10-08 08:00:00,4134.1416015625
2024-10-08 09:00:00,4067.299560546875
2024-10-08 10:00:00,3985.19482421875
2024-10-08 11:00:00,3970.908203125
2024-10-08 12:00:00,3991.4970703125
2024-10-08 13:00:00,4053.54443359375
2024-10-08 14:00:00,4102.4482421875
2024-10-08 15:00:00,4076.115478515625
2024-10-08 16:00:00,4161.24462890625
2024-10-08 17:00:00,4038.484619140625
2024-10-08 18:00:00,3949.65185546875
2024-10-08 19:00:00,3932.561279296875
2024-10-08 20:00:00,3977.768798828125
2024-10-08 21:00:00,3994.129150390625
2024-10-08 22:00:00,3887.111083984375
2024-10-08 23:00:00,3782.583251953125
2024-10-09 00:00:00,3754.89794921875
2024-10-09 01:00:00,3711.19677734375
2024-10-09 02:00:00,3751.10888671875
2024-10-09 03:00:00,3816.68701171875
2024-10-09 04:00:00,3933.308349609375
2024-10-09 05:00:00,4132.6240234375
2024-10-09 06:00:00,4102.24169921875
2024-10-09 07:00:00,4140.70361328125
2024-10-09 08:00:00,4245.9375
2024-10-09 09:00:00,4107.78955078125
2024-10-09 10:00:00,4163.12890625
2024-10-09 11:00:00,4153.95361328125
2024-10-09 12:00:00,4097.4462890625
2024-10-09 13:00:00,4126.203125
2024-10-09 14:00:00,4024.279296875
2024-10-09 15:00:00,4004.354248046875
2024-10-09 16:00:00,4025.66455078125
2024-10-09 17:00:00,4103.56396484375
2024-10-09 18:00:00,4080.135009765625
2024-10-09 19:00:00,4060.541748046875
2024-10-09 20:00:00,3982.459716796875
2024-10-09 21:00:00,3892.8603515625
2024-10-09 22:00:00,3903.278564453125
2024-10-09 23:00:00,3828.550048828125
2024-10-10 00:00:00,3740.804443359375
2024-10-10 01:00:00,3695.656982421875
2024-10-10 02:00:00,3672.95654296875
2024-10-10 03:00:00,3733.143798828125
2024-10-10 04:00:00,3797.897216796875
2024-10-10 05:00:00,4018.50537109375
2024-10-10 06:00:00,4121.88671875
2024-10-10 07:00:00,4178.53515625
2024-10-10 08:00:00,4271.79443359375
2024-10-10 09:00:00,4244.02197265625
2024-10-10 10:00:00,4180.86572265625
2024-10-10 11:00:00,4182.8896484375
2024-10-10 12:00:00,4213.68017578125
2024-10-10 13:00:00,4186.62744140625
2024-10-10 14:00:00,4229.673828125
2024-10-10 15:00:00,4231.38916015625
2024-10-10 16:00:00,4176.65869140625
2024-10-10 17:00:00,4108.86474609375
2024-10-10 18:00:00,4127.71826171875
2024-10-10 19:00:00,4128.8359375
2024-10-10 20:00:00,4070.941162109375
2024-10-10 21:00:00,4024.631591796875
2024-10-10 22:00:00,3952.33203125
2024-10-10 23:00:00,3890.258056640625
2024-10-11 00:00:00,3813.712158203125
2024-10-11 01:00:00,3879.947998046875
2024-10-11 02:00:00,3839.5947265625
2024-10-11 03:00:00,3875.116455078125
2024-10-11 04:00:00,3967.540771484375
2024-10-11 05:00:00,4041.421875
2024-10-11 06:00:00,4087.086669921875
2024-10-11 07:00:00,4058.20458984375
2024-10-11 08:00:00,4115.91064453125
2024-10-11 09:00:00,4033.231201171875
2024-10-11 10:00:00,3888.790771484375
2024-10-11 11:00:00,3919.488037109375
2024-10-11 12:00:00,3901.790771484375
2024-10-11 13:00:00,3957.05810546875
2024-10-11 14:00:00,3991.026123046875
2024-10-11 15:00:00,4086.162841796875
2024-10-11 16:00:00,4023.025146484375
2024-10-11 17:00:00,4071.907958984375
2024-10-11 18:00:00,4046.970947265625
2024-10-11 19:00:00,4041.038330078125
2024-10-11 20:00:00,4060.438720703125
2024-10-11 21:00:00,3964.454833984375
2024-10-11 22:00:00,3780.418701171875
2024-10-11 23:00:00,3714.859130859375
2024-10-12 00:00:00,3748.3740234375
2024-10-12 01:00:00,3701.263427734375
2024-10-12 02:00:00,3692.524169921875
2024-10-12 03:00:00,3708.158203125
2024-10-12 04:00:00,3752.322509765625
2024-10-12 05:00:00,3834.644775390625
2024-10-12 06:00:00,3875.563720703125
2024-10-12 07:00:00,4122.0380859375
2024-10-12 08:00:00,4040.181640625
2024-10-12 09:00:00,3959.5244140625
2024-10-12 10:00:00,3907.01220703125
2024-10-12 11:00:00,3868.930908203125
2024-10-12 12:00:00,3869.010986328125
2024-10-12 13:00:00,3926.90576171875
2024-10-12 14:00:00,3858.244140625
2024-10-12 15:00:00,3746.74462890625
2024-10-12 16:00:00,3765.733642578125
2024-10-12 17:00:00,3721.421142578125
2024-10-12 18:00:00,3939.863525390625
2024-10-12 19:00:00,3988.245361328125
2024-10-12 20:00:00,3929.81201171875
2024-10-12 21:00:00,3885.047119140625
2024-10-12 22:00:00,3811.226806640625
2024-10-12 23:00:00,3749.45703125
2024-10-13 00:00:00,3701.870361328125
2024-10-13 01:00:00,3677.313720703125
2024-10-13 02:00:00,3667.760986328125
2024-10-13 03:00:00,3676.324951171875
2024-10-13 04:00:00,3729.500732421875
2024-10-13 05:00:00,3851.07763671875
2024-10-13 06:00:00,3918.362060546875
2024-10-13 07:00:00,3949.2822265625
2024-10-13 08:00:00,3817.120849609375
2024-10-13 09:00:00,3730.379638671875
2024-10-13 10:00:00,3747.74755859375
2024-10-13 11:00:00,3706.856201171875
2024-10-13 12:00:00,3668.306396484375
2024-10-13 13:00:00,3725.832275390625
2024-10-13 14:00:00,3769.678466796875
2024-10-13 15:00:00,3958.53173828125
2024-10-13 16:00:00,4002.35498046875
2024-10-13 17:00:00,4141.19287109375
2024-10-13 18:00:00,4133.375
2024-10-13 19:00:00,4128.74072265625
2024-10-13 20:00:00,4192.26171875
2024-10-13 21:00:00,4099.40869140625
2024-10-13 22:00:00,4028.260498046875
2024-10-13 23:00:00,3945.418701171875
2024-10-14 00:00:00,3904.062255859375
2024-10-14 01:00:00,3905.15380859375
2024-10-14 02:00:00,3786.304443359375
2024-10-14 03:00:00,3896.880859375
2024-10-14 04:00:00,3829.2822265625
2024-10-14 05:00:00,3956.27392578125
2024-10-14 06:00:00,3853.5927734375
2024-10-14 07:00:00,3879.332763671875
2024-10-14 08:00:00,4138.48388671875
2024-10-14 09:00:00,4322.1220703125
2024-10-14 10:00:00,4303.8984375
2024-10-14 11:00:00,4327.83251953125
2024-10-14 12:00:00,4283.69921875
2024-10-14 13:00:00,4168.94189453125
2024-10-14 14:00:00,3902.613525390625
2024-10-14 15:00:00,3907.46826171875
2024-10-14 16:00:00,3862.6083984375
2024-10-14 17:00:00,3921.84228515625
2024-10-14 18:00:00,3901.026611328125
2024-10-14 19:00:00,3898.08740234375
2024-10-14 20:00:00,3877.141845703125
2024-10-14 21:00:00,3816.176025390625
2024-10-14 22:00:00,3697.847900390625
2024-10-14 23:00:00,3740.27392578125
2024-10-15 00:00:00,3761.239013671875
2024-10-15 01:00:00,3645.206787109375
2024-10-15 02:00:00,3635.892822265625
2024-10-15 03:00:00,3647.027587890625
2024-10-15 04:00:00,3762.86181640625
2024-10-15 05:00:00,3878.592041015625
2024-10-15 06:00:00,3965.831298828125
2024-10-15 07:00:00,4030.435791015625
2024-10-15 08:00:00,4167.23828125
2024-10-15 09:00:00,4211.80859375
2024-10-15 10:00:00,4044.973876953125
2024-10-15 11:00:00,4061.400390625
2024-10-15 12:00:00,4018.973876953125
2024-10-15 13:00:00,3956.783203125
2024-10-15 14:00:00,3897.7080078125
2024-10-15 15:00:00,3948.416748046875
2024-10-15 16:00:00,3987.735595703125
2024-10-15 17:00:00,4065.27978515625
2024-10-15 18:00:00,4092.826416015625
2024-10-15 19:00:00,4089.79345703125
2024-10-15 20:00:00,4120.24072265625
2024-10-15 21:00:00,4241.1142578125
2024-10-15 22:00:00,4116.6318359375
2024-10-15 23:00:00,3979.231201171875
2024-10-16 00:00:00,3909.40673828125
2024-10-16 01:00:00,3872.067626953125
2024-10-16 02:00:00,3821.046875
2024-10-16 03:00:00,3886.07470703125
2024-10-16 04:00:00,3925.169189453125
2024-10-16 05:00:00,3927.299072265625
2024-10-16 06:00:00,3997.873046875
2024-10-16 07:00:00,4259.42724609375
2024-10-16 08:00:00,4292.5556640625
2024-10-16 09:00:00,4229.955078125
2024-10-16 10:00:00,4109.39404296875
2024-10-16 11:00:00,4064.65185546875
2024-10-16 12:00:00,4055.264404296875
2024-10-16 13:00:00,4185.2421875
2024-10-16 14:00:00,4291.94189453125
2024-10-16 15:00:00,4010.970703125
2024-10-16 16:00:00,4059.97998046875
2024-10-16 17:00:00,4087.897705078125
2024-10-16 18:00:00,4055.965576171875
2024-10-16 19:00:00,4143.3203125
2024-10-16 20:00:00,4066.386474609375
2024-10-16 21:00:00,4006.8193359375
2024-10-16 22:00:00,3872.07421875
2024-10-16 23:00:00,3864.9111328125
2024-10-17 00:00:00,3832.85400390625
2024-10-17 01:00:00,3816.158935546875
2024-10-17 02:00:00,3832.996826171875
2024-10-17 03:00:00,3902.475341796875
2024-10-17 04:00:00,4100.7119140625
2024-10-17 05:00:00,3999.993896484375
2024-10-17 06:00:00,4120.37158203125
2024-10-17 07:00:00,4269.275390625
2024-10-17 08:00:00,4442.8037109375
2024-10-17 09:00:00,4373.10888671875
2024-10-17 10:00:00,4252.7099609375
2024-10-17 11:00:00,4219.71484375
2024-10-17 12:00:00,4183.02490234375
2024-10-17 13:00:00,4299.41015625
2024-10-17 14:00:00,4188.0673828125
2024-10-17 15:00:00,4114.18505859375
2024-10-17 16:00:00,4124.10693359375
2024-10-17 17:00:00,4093.958984375
2024-10-17 18:00:00,4002.2939453125
2024-10-17 19:00:00,3956.813720703125
2024-10-17 20:00:00,3856.9541015625
2024-10-17 21:00:00,3845.783203125
2024-10-17 22:00:00,3910.7705078125
2024-10-17 23:00:00,3904.5478515625
2024-10-18 00:00:00,3874.3642578125
2024-10-18 01:00:00,3808.46044921875
2024-10-18 02:00:00,3749.00439453125
2024-10-18 03:00:00,3719.58251953125
2024-10-18 04:00:00,3755.889892578125
2024-10-18 05:00:00,3916.8466796875
2024-10-18 06:00:00,4080.3193359375
2024-10-18 07:00:00,4314.04052734375
2024-10-18 08:00:00,4464.90380859375
2024-10-18 09:00:00,4389.0283203125
2024-10-18 10:00:00,4307.85546875
2024-10-18 11:00:00,4293.67724609375
2024-10-18 12:00:00,4325.64013671875
2024-10-18 13:00:00,4206.71337890625
2024-10-18 14:00:00,4067.4384765625
2024-10-18 15:00:00,3971.794189453125
2024-10-18 16:00:00,4004.916259765625
2024-10-18 17:00:00,4009.88916015625
2024-10-18 18:00:00,3865.375732421875
2024-10-18 19:00:00,3775.327880859375
2024-10-18 20:00:00,3723.559326171875
2024-10-18 21:00:00,3772.580078125
2024-10-18 22:00:00,3705.282470703125
2024-10-18 23:00:00,3681.277587890625
2024-10-19 00:00:00,3645.78271484375
2024-10-19 01:00:00,3704.438720703125
2024-10-19 02:00:00,3675.199951171875
2024-10-19 03:00:00,3671.220947265625
2024-10-19 04:00:00,3690.8564453125
2024-10-19 05:00:00,3669.871826171875
2024-10-19 06:00:00,3860.436767578125
2024-10-19 07:00:00,3938.16796875
2024-10-19 08:00:00,3934.27783203125
2024-10-19 09:00:00,3889.70703125
2024-10-19 10:00:00,3796.36962890625
2024-10-19 11:00:00,3743.16162109375
2024-10-19 12:00:00,3771.467041015625
2024-10-19 13:00:00,3779.3603515625
2024-10-19 14:00:00,3701.171142578125
2024-10-19 15:00:00,3643.1044921875
2024-10-19 16:00:00,3625.741455078125
2024-10-19 17:00:00,3678.269287109375
2024-10-19 18:00:00,3797.090576171875
2024-10-19 19:00:00,3848.45166015625
2024-10-19 20:00:00,3863.116455078125
2024-10-19 21:00:00,3845.572509765625
2024-10-19 22:00:00,3798.8193359375
2024-10-19 23:00:00,3789.402587890625
2024-10-20 00:00:00,3748.843994140625
2024-10-20 01:00:00,3723.182373046875
2024-10-20 02:00:00,3707.2275390625
2024-10-20 03:00:00,3736.681884765625
2024-10-20 04:00:00,3780.68896484375
2024-10-20 05:00:00,3786.59912109375
2024-10-20 06:00:00,3867.924072265625
2024-10-20 07:00:00,3902.85498046875
2024-10-20 08:00:00,3831.81005859375
2024-10-20 09:00:00,3708.19140625
2024-10-20 10:00:00,3578.01953125
2024-10-20 11:00:00,3544.671875
2024-10-20 12:00:00,3526.4677734375
2024-10-20 13:00:00,3586.235107421875
2024-10-20 14:00:00,3697.516357421875
2024-10-20 15:00:00,3857.613525390625
2024-10-20 16:00:00,3879.58544921875
2024-10-20 17:00:00,3952.304931640625
2024-10-20 18:00:00,3989.845947265625
2024-10-20 19:00:00,3935.5830078125
2024-10-20 20:00:00,3918.232421875
2024-10-20 21:00:00,3767.69970703125
2024-10-20 22:00:00,3744.406982421875
2024-10-20 23:00:00,3706.504150390625
2024-10-21 00:00:00,3661.23291015625
2024-10-21 01:00:00,3624.422119140625
2024-10-21 02:00:00,3609.906494140625
2024-10-21 03:00:00,3736.856201171875
2024-10-21 04:00:00,3772.394287109375
2024-10-21 05:00:00,3851.33935546875
2024-10-21 06:00:00,3927.17822265625
2024-10-21 07:00:00,3973.737060546875
2024-10-21 08:00:00,4079.39453125
2024-10-21 09:00:00,4146.26318359375
2024-10-21 10:00:00,4125.5126953125
2024-10-21 11:00:00,4099.95068359375
2024-10-21 12:00:00,4037.1923828125
2024-10-21 13:00:00,3922.233642578125
2024-10-21 14:00:00,3963.22265625
2024-10-21 15:00:00,3910.7685546875
2024-10-21 16:00:00,3905.876953125
2024-10-21 17:00:00,3902.33642578125
2024-10-21 18:00:00,3848.05517578125
2024-10-21 19:00:00,3809.959228515625
2024-10-21 20:00:00,3723.498046875
2024-10-21 21:00:00,3714.5029296875
2024-10-21 22:00:00,3838.818603515625
2024-10-21 23:00:00,3844.62060546875
2024-10-22 00:00:00,3791.281982421875
2024-10-22 01:00:00,3789.333984375
2024-10-22 02:00:00,3773.588623046875
2024-10-22 03:00:00,3792.53515625
2024-10-22 04:00:00,3858.5869140625
2024-10-22 05:00:00,3768.521728515625
2024-10-22 06:00:00,3872.608642578125
2024-10-22 07:00:00,3923.948486328125
2024-10-22 08:00:00,4004.606201171875
2024-10-22 09:00:00,3925.375732421875
2024-10-22 10:00:00,3939.41259765625
2024-10-22 11:00:00,3851.72998046875
2024-10-22 12:00:00,3813.212646484375
2024-10-22 13:00:00,3928.484375
2024-10-22 14:00:00,3859.255615234375
2024-10-22 15:00:00,3824.6689453125
2024-10-22 16:00:00,3802.802734375
2024-10-22 17:00:00,3849.632080078125
2024-10-22 18:00:00,3751.71826171875
2024-10-22 19:00:00,3713.50732421875
2024-10-22 20:00:00,3845.4345703125
2024-10-22 21:00:00,3911.9853515625
2024-10-22 22:00:00,3739.78271484375
2024-10-22 23:00:00,3648.748046875
2024-10-23 00:00:00,3591.70751953125
2024-10-23 01:00:00,3529.9345703125
2024-10-23 02:00:00,3527.5810546875
2024-10-23 03:00:00,3536.265380859375
2024-10-23 04:00:00,3616.467041015625
2024-10-23 05:00:00,3644.256591796875
2024-10-23 06:00:00,3759.67333984375
2024-10-23 07:00:00,3794.298828125
2024-10-23 08:00:00,3919.96142578125
2024-10-23 09:00:00,3837.39111328125
2024-10-23 10:00:00,3813.793701171875
2024-10-23 11:00:00,3741.257080078125
2024-10-23 12:00:00,3770.183349609375
2024-10-23 13:00:00,3752.111572265625
2024-10-23 14:00:00,3769.52197265625
2024-10-23 15:00:00,3772.47705078125
2024-10-23 16:00:00,3787.27685546875
2024-10-23 17:00:00,3819.447021484375
2024-10-23 18:00:00,3799.291259765625
2024-10-23 19:00:00,3815.188232421875
2024-10-23 20:00:00,3836.63134765625
2024-10-23 21:00:00,3829.907958984375
2024-10-23 22:00:00,3718.529052734375
2024-10-23 23:00:00,3695.753662109375
2024-10-24 00:00:00,3648.456298828125
2024-10-24 01:00:00,3619.324951171875
2024-10-24 02:00:00,3646.388671875
2024-10-24 03:00:00,3627.068603515625
2024-10-24 04:00:00,3576.35400390625
2024-10-24 05:00:00,3754.820068359375
2024-10-24 06:00:00,3842.426025390625
2024-10-24 07:00:00,3847.017578125
2024-10-24 08:00:00,3859.909912109375
2024-10-24 09:00:00,3828.173583984375
2024-10-24 10:00:00,3837.2216796875
2024-10-24 11:00:00,3824.97900390625
2024-10-24 12:00:00,3749.203857421875
2024-10-24 13:00:00,3682.7568359375
2024-10-24 14:00:00,3637.182373046875
2024-10-24 15:00:00,3704.33984375
2024-10-24 16:00:00,3798.2568359375
2024-10-24 17:00:00,3798.74267578125
2024-10-24 18:00:00,3888.112060546875
2024-10-24 19:00:00,3968.701904296875
2024-10-24 20:00:00,3895.419189453125
2024-10-24 21:00:00,3918.555908203125
2024-10-24 22:00:00,3934.646240234375
2024-10-24 23:00:00,3859.2119140625
2024-10-25 00:00:00,3815.33251953125
2024-10-25 01:00:00,3777.885986328125
2024-10-25 02:00:00,3785.938232421875
2024-10-25 03:00:00,3820.359619140625
2024-10-25 04:00:00,3778.48583984375
2024-10-25 05:00:00,3794.73046875
2024-10-25 06:00:00,3830.85400390625
2024-10-25 07:00:00,3872.064697265625
2024-10-25 08:00:00,4020.216064453125
2024-10-25 09:00:00,3948.683837890625
2024-10-25 10:00:00,3879.309326171875
2024-10-25 11:00:00,3856.65478515625
2024-10-25 12:00:00,3801.021728515625
2024-10-25 13:00:00,3798.527099609375
2024-10-25 14:00:00,3677.8388671875
2024-10-25 15:00:00,3708.867919921875
2024-10-25 16:00:00,3577.019287109375
2024-10-25 17:00:00,3566.300537109375
2024-10-25 18:00:00,3558.88427734375
2024-10-25 19:00:00,3680.41845703125
2024-10-25 20:00:00,3747.827392578125
2024-10-25 21:00:00,3803.20947265625
2024-10-25 22:00:00,3706.16796875
2024-10-25 23:00:00,3717.02490234375
2024-10-26 00:00:00,3675.05908203125
2024-10-26 01:00:00,3606.09423828125
2024-10-26 02:00:00,3597.495849609375
2024-10-26 03:00:00,3610.839111328125
2024-10-26 04:00:00,3660.166015625
2024-10-26 05:00:00,3524.200439453125
2024-10-26 06:00:00,3578.701904296875
2024-10-26 07:00:00,3684.65966796875
2024-10-26 08:00:00,3654.421875
2024-10-26 09:00:00,3652.878173828125
2024-10-26 10:00:00,3620.443115234375
2024-10-26 11:00:00,3552.37841796875
2024-10-26 12:00:00,3579.77783203125
2024-10-26 13:00:00,3643.073974609375
2024-10-26 14:00:00,3618.42822265625
2024-10-26 15:00:00,3588.17578125
2024-10-26 16:00:00,3508.54736328125
2024-10-26 17:00:00,3538.78466796875
2024-10-26 18:00:00,3630.75244140625
2024-10-26 19:00:00,3866.819580078125
2024-10-26 20:00:00,3868.393798828125
2024-10-26 21:00:00,3799.953369140625
2024-10-26 22:00:00,3713.896728515625
2024-10-26 23:00:00,3723.32275390625
2024-10-27 00:00:00,3663.793212890625
2024-10-27 01:00:00,3616.248779296875
2024-10-27 02:00:00,3641.52294921875
2024-10-27 03:00:00,3624.927734375
2024-10-27 04:00:00,3647.278564453125
2024-10-27 05:00:00,3725.87353515625
2024-10-27 06:00:00,3819.631103515625
2024-10-27 07:00:00,3855.864990234375
2024-10-27 08:00:00,3812.767822265625
2024-10-27 09:00:00,3710.435546875
2024-10-27 10:00:00,3608.253173828125
2024-10-27 11:00:00,3573.03857421875
2024-10-27 12:00:00,3532.450927734375
2024-10-27 13:00:00,3566.429931640625
2024-10-27 14:00:00,3552.923583984375
2024-10-27 15:00:00,3523.853271484375
2024-10-27 16:00:00,3446.51611328125
2024-10-27 17:00:00,3558.890869140625
2024-10-27 18:00:00,3521.524169921875
2024-10-27 19:00:00,3503.5830078125
2024-10-27 20:00:00,3722.004150390625
2024-10-27 21:00:00,4024.092041015625
2024-10-27 22:00:00,3743.19189453125
2024-10-27 23:00:00,3665.253662109375
2024-10-28 00:00:00,3561.439697265625
2024-10-28 01:00:00,3528.583984375
2024-10-28 02:00:00,3542.16845703125
2024-10-28 03:00:00,3487.151123046875
2024-10-28 04:00:00,3582.536865234375
2024-10-28 05:00:00,3704.67626953125
2024-10-28 06:00:00,3730.620361328125
2024-10-28 07:00:00,3838.423095703125
2024-10-28 08:00:00,3954.03369140625
2024-10-28 09:00:00,3930.739990234375
2024-10-28 10:00:00,3879.10009765625
2024-10-28 11:00:00,3869.01416015625
2024-10-28 12:00:00,3934.088134765625
2024-10-28 13:00:00,3881.7880859375
2024-10-28 14:00:00,3804.283447265625
2024-10-28 15:00:00,3576.619384765625
2024-10-28 16:00:00,3563.53564453125
2024-10-28 17:00:00,3647.014404296875
2024-10-28 18:00:00,3533.343017578125
2024-10-28 19:00:00,3481.321044921875
2024-10-28 20:00:00,3643.988037109375
2024-10-28 21:00:00,3699.380615234375
2024-10-28 22:00:00,3636.003662109375
2024-10-28 23:00:00,3573.44287109375
2024-10-29 00:00:00,3510.525146484375
2024-10-29 01:00:00,3429.8251953125
2024-10-29 02:00:00,3453.09228515625
2024-10-29 03:00:00,3419.718994140625
2024-10-29 04:00:00,3454.42578125
2024-10-29 05:00:00,3375.776611328125
2024-10-29 06:00:00,3620.65673828125
2024-10-29 07:00:00,3647.717529296875
2024-10-29 08:00:00,3656.435546875
2024-10-29 09:00:00,3720.8984375
2024-10-29 10:00:00,3672.072509765625
2024-10-29 11:00:00,3637.281494140625
2024-10-29 12:00:00,3621.427001953125
2024-10-29 13:00:00,3679.986328125
2024-10-29 14:00:00,3643.828125
2024-10-29 15:00:00,3648.531494140625
2024-10-29 16:00:00,3662.737548828125
2024-10-29 17:00:00,3707.500732421875
2024-10-29 18:00:00,3530.35498046875
2024-10-29 19:00:00,3596.731689453125
2024-10-29 20:00:00,3572.178955078125
2024-10-29 21:00:00,3635.475341796875
2024-10-29 22:00:00,3589.776123046875
2024-10-29 23:00:00,3512.095947265625
2024-10-30 00:00:00,3570.107177734375
2024-10-30 01:00:00,3529.89892578125
2024-10-30 02:00:00,3502.41748046875
2024-10-30 03:00:00,3501.5078125
2024-10-30 04:00:00,3562.08154296875
2024-10-30 05:00:00,3605.83642578125
2024-10-30 06:00:00,3607.813720703125
2024-10-30 07:00:00,3675.352783203125
2024-10-30 08:00:00,3769.2578125
2024-10-30 09:00:00,3754.328369140625
2024-10-30 10:00:00,3766.575439453125
2024-10-30 11:00:00,3757.351806640625
2024-10-30 12:00:00,3753.812744140625
2024-10-30 13:00:00,3762.03173828125
2024-10-30 14:00:00,3651.83203125
2024-10-30 15:00:00,3535.524658203125
2024-10-30 16:00:00,3537.645263671875
2024-10-30 17:00:00,3619.000244140625
2024-10-30 18:00:00,3691.0673828125
2024-10-30 19:00:00,3675.3310546875
2024-10-30 20:00:00,3658.601318359375
2024-10-30 21:00:00,3659.275390625
2024-10-30 22:00:00,3792.890869140625
2024-10-30 23:00:00,3664.812744140625
2024-10-31 00:00:00,3726.97705078125
2024-10-31 01:00:00,3696.066162109375
2024-10-31 02:00:00,3649.529052734375
2024-10-31 03:00:00,3669.095458984375
2024-10-31 04:00:00,3757.07763671875
2024-10-31 05:00:00,3905.223876953125
2024-10-31 06:00:00,3857.503173828125
2024-10-31 07:00:00,3965.391845703125
2024-10-31 08:00:00,4001.27197265625
2024-10-31 09:00:00,3862.614501953125
2024-10-31 10:00:00,3831.550048828125
2024-10-31 11:00:00,3835.105224609375
2024-10-31 12:00:00,3817.310302734375
2024-10-31 13:00:00,3876.768310546875
2024-10-31 14:00:00,3927.50390625
2024-10-31 15:00:00,3811.876708984375
2024-10-31 16:00:00,3806.929931640625
2024-10-31 17:00:00,3801.470703125
2024-10-31 18:00:00,3743.93994140625
2024-10-31 19:00:00,3973.91162109375
2024-10-31 20:00:00,3943.72412109375
2024-10-31 21:00:00,3900.8154296875
2024-10-31 22:00:00,3868.923583984375
2024-10-31 23:00:00,3750.79248046875
2024-11-01 00:00:00,3701.0244140625
2024-11-01 01:00:00,3665.542236328125
2024-11-01 02:00:00,3643.4306640625
2024-11-01 03:00:00,3605.06005859375
2024-11-01 04:00:00,3622.400390625
2024-11-01 05:00:00,3671.911376953125
2024-11-01 06:00:00,3712.36181640625
2024-11-01 07:00:00,3700.090576171875
2024-11-01 08:00:00,3695.137451171875
2024-11-01 09:00:00,3712.128662109375
2024-11-01 10:00:00,3696.833984375
2024-11-01 11:00:00,3684.5166015625
2024-11-01 12:00:00,3678.28076171875
2024-11-01 13:00:00,3693.90380859375
2024-11-01 14:00:00,3757.050537109375
2024-11-01 15:00:00,3822.447265625
2024-11-01 16:00:00,3686.861083984375
2024-11-01 17:00:00,3813.95458984375
2024-11-01 18:00:00,3849.370361328125
2024-11-01 19:00:00,3777.114990234375
2024-11-01 20:00:00,3786.054931640625
2024-11-01 21:00:00,3781.705322265625
2024-11-01 22:00:00,3715.509521484375
2024-11-01 23:00:00,3625.875244140625
2024-11-02 00:00:00,3604.1728515625
2024-11-02 01:00:00,3593.56103515625
2024-11-02 02:00:00,3531.41552734375
2024-11-02 03:00:00,3513.2666015625
2024-11-02 04:00:00,3561.567138671875
2024-11-02 05:00:00,3651.175537109375
2024-11-02 06:00:00,3698.042236328125
2024-11-02 07:00:00,3691.598876953125
2024-11-02 08:00:00,3782.13232421875
2024-11-02 09:00:00,3746.576904296875
2024-11-02 10:00:00,3725.00634765625
2024-11-02 11:00:00,3726.4287109375
2024-11-02 12:00:00,3724.62353515625
2024-11-02 13:00:00,3652.5517578125
2024-11-02 14:00:00,3667.101806640625
2024-11-02 15:00:00,3489.110595703125
2024-11-02 16:00:00,3310.650390625
2024-11-02 17:00:00,3347.16259765625
2024-11-02 18:00:00,3375.452392578125
2024-11-02 19:00:00,3678.589111328125
2024-11-02 20:00:00,3590.56298828125
2024-11-02 21:00:00,3539.44482421875
2024-11-02 22:00:00,3543.64794921875
2024-11-02 23:00:00,3551.640869140625
2024-11-03 00:00:00,3507.3095703125
2024-11-03 01:00:00,3467.506103515625
2024-11-03 02:00:00,3423.84130859375
2024-11-03 03:00:00,3421.206298828125
2024-11-03 04:00:00,3440.609619140625
2024-11-03 05:00:00,3507.8359375
2024-11-03 06:00:00,3547.83740234375
2024-11-03 07:00:00,3534.52880859375
2024-11-03 08:00:00,3530.527099609375
2024-11-03 09:00:00,3534.83984375
2024-11-03 10:00:00,3534.28515625
2024-11-03 11:00:00,3535.415771484375
2024-11-03 12:00:00,3476.121337890625
2024-11-03 13:00:00,3472.031494140625
2024-11-03 14:00:00,3557.909912109375
2024-11-03 15:00:00,3703.62451171875
2024-11-03 16:00:00,3608.1953125
2024-11-03 17:00:00,3827.02099609375
2024-11-03 18:00:00,3847.279052734375
2024-11-03 19:00:00,3883.949951171875
2024-11-03 20:00:00,3786.235595703125
2024-11-03 21:00:00,3728.633544921875
2024-11-03 22:00:00,3709.69873046875
2024-11-03 23:00:00,3648.27294921875
2024-11-04 00:00:00,3572.02392578125
2024-11-04 01:00:00,3540.73095703125
2024-11-04 02:00:00,3467.637451171875
2024-11-04 03:00:00,3432.50634765625
2024-11-04 04:00:00,3459.148193359375
2024-11-04 05:00:00,3542.71826171875
2024-11-04 06:00:00,3522.756591796875
2024-11-04 07:00:00,3519.587646484375
2024-11-04 08:00:00,3655.20166015625
2024-11-04 09:00:00,3637.507080078125
2024-11-04 10:00:00,3623.70068359375
2024-11-04 11:00:00,3560.92578125
2024-11-04 12:00:00,3569.409912109375
2024-11-04 13:00:00,3568.19873046875
2024-11-04 14:00:00,3527.347412109375
2024-11-04 15:00:00,3528.531005859375
2024-11-04 16:00:00,3607.72021484375
2024-11-04 17:00:00,3672.88916015625
2024-11-04 18:00:00,3638.42919921875
2024-11-04 19:00:00,3621.363525390625
2024-11-04 20:00:00,3715.309326171875
2024-11-04 21:00:00,3635.468994140625
2024-11-04 22:00:00,3612.0693359375
2024-11-04 23:00:00,3495.572265625
2024-11-05 00:00:00,3461.888427734375
2024-11-05 01:00:00,3375.537841796875
2024-11-05 02:00:00,3357.846923828125
2024-11-05 03:00:00,3367.769775390625
2024-11-05 04:00:00,3403.2529296875
2024-11-05 05:00:00,3473.340576171875
2024-11-05 06:00:00,3514.661865234375
2024-11-05 07:00:00,3542.680419921875
2024-11-05 08:00:00,3719.298095703125
2024-11-05 09:00:00,3743.05810546875
2024-11-05 10:00:00,3815.282958984375
2024-11-05 11:00:00,3827.710693359375
2024-11-05 12:00:00,3798.773681640625
2024-11-05 13:00:00,3652.014892578125
2024-11-05 14:00:00,3603.107666015625
2024-11-05 15:00:00,3561.0048828125
2024-11-05 16:00:00,3505.909912109375
2024-11-05 17:00:00,3594.379150390625
2024-11-05 18:00:00,3569.4091796875
2024-11-05 19:00:00,3548.3583984375
2024-11-05 20:00:00,3559.51611328125
2024-11-05 21:00:00,3548.615966796875
2024-11-05 22:00:00,3507.933349609375
2024-11-05 23:00:00,3474.989013671875
2024-11-06 00:00:00,3410.72802734375
2024-11-06 01:00:00,3354.846923828125
2024-11-06 02:00:00,3291.13671875
2024-11-06 03:00:00,3268.058837890625
2024-11-06 04:00:00,3292.12255859375
2024-11-06 05:00:00,3345.363525390625
2024-11-06 06:00:00,3480.94189453125
2024-11-06 07:00:00,3541.337158203125
2024-11-06 08:00:00,3713.938232421875
2024-11-06 09:00:00,3823.919677734375
2024-11-06 10:00:00,3853.888916015625
2024-11-06 11:00:00,3825.139892578125
2024-11-06 12:00:00,3729.194091796875
2024-11-06 13:00:00,3520.117431640625
2024-11-06 14:00:00,3460.056884765625
2024-11-06 15:00:00,3531.983154296875
2024-11-06 16:00:00,3538.9619140625
2024-11-06 17:00:00,3591.335205078125
2024-11-06 18:00:00,3569.2587890625
2024-11-06 19:00:00,3557.66796875
2024-11-06 20:00:00,3439.0146484375
2024-11-06 21:00:00,3532.070068359375
2024-11-06 22:00:00,3577.146484375
2024-11-06 23:00:00,3499.713623046875
2024-11-07 00:00:00,3433.1943359375
2024-11-07 01:00:00,3396.408447265625
2024-11-07 02:00:00,3407.937744140625
2024-11-07 03:00:00,3416.642578125
2024-11-07 04:00:00,3462.46826171875
2024-11-07 05:00:00,3407.494384765625
2024-11-07 06:00:00,3484.193603515625
2024-11-07 07:00:00,3593.345947265625
2024-11-07 08:00:00,3628.275634765625
2024-11-07 09:00:00,3722.809326171875
2024-11-07 10:00:00,3754.78955078125
2024-11-07 11:00:00,3712.539794921875
2024-11-07 12:00:00,3612.20458984375
2024-11-07 13:00:00,3458.39990234375
2024-11-07 14:00:00,3495.15673828125
2024-11-07 15:00:00,3500.736328125
2024-11-07 16:00:00,3565.466552734375
2024-11-07 17:00:00,3635.629150390625
2024-11-07 18:00:00,3667.647705078125
2024-11-07 19:00:00,3511.93310546875
2024-11-07 20:00:00,3528.258056640625
2024-11-07 21:00:00,3524.98974609375
2024-11-07 22:00:00,3593.527587890625
2024-11-07 23:00:00,3527.781005859375
2024-11-08 00:00:00,3533.793212890625
2024-11-08 01:00:00,3489.89404296875
2024-11-08 02:00:00,3503.985595703125
2024-11-08 03:00:00,3518.064208984375
2024-11-08 04:00:00,3503.693359375
2024-11-08 05:00:00,3523.068115234375
2024-11-08 06:00:00,3759.755859375
2024-11-08 07:00:00,3806.598876953125
2024-11-08 08:00:00,3794.31982421875
2024-11-08 09:00:00,3865.327880859375
2024-11-08 10:00:00,3865.276123046875
2024-11-08 11:00:00,3818.620849609375
2024-11-08 12:00:00,3743.314697265625
2024-11-08 13:00:00,3704.14404296875
2024-11-08 14:00:00,3630.59326171875
2024-11-08 15:00:00,3830.221435546875
2024-11-08 16:00:00,3884.9697265625
2024-11-08 17:00:00,3871.96826171875
2024-11-08 18:00:00,3909.883544921875
2024-11-08 19:00:00,3827.28955078125
2024-11-08 20:00:00,3740.861572265625
2024-11-08 21:00:00,3698.73046875
2024-11-08 22:00:00,3660.42529296875
2024-11-08 23:00:00,3620.630126953125
2024-11-09 00:00:00,3535.7236328125
2024-11-09 01:00:00,3499.933349609375
2024-11-09 02:00:00,3446.167236328125
2024-11-09 03:00:00,3438.679931640625
2024-11-09 04:00:00,3462.615234375
2024-11-09 05:00:00,3527.1494140625
2024-11-09 06:00:00,3564.07373046875
2024-11-09 07:00:00,3573.11962890625
2024-11-09 08:00:00,3614.7978515625
2024-11-09 09:00:00,3652.1005859375
2024-11-09 10:00:00,3694.902587890625
2024-11-09 11:00:00,3737.224609375
2024-11-09 12:00:00,3704.35400390625
2024-11-09 13:00:00,3706.501220703125
2024-11-09 14:00:00,3689.259521484375
2024-11-09 15:00:00,3703.344970703125
2024-11-09 16:00:00,3638.625244140625
2024-11-09 17:00:00,3566.460693359375
2024-11-09 18:00:00,3599.450439453125
2024-11-09 19:00:00,3706.707275390625
2024-11-09 20:00:00,3647.295166015625
2024-11-09 21:00:00,3557.13525390625
2024-11-09 22:00:00,3520.010009765625
2024-11-09 23:00:00,3516.423095703125
2024-11-10 00:00:00,3431.511962890625
2024-11-10 01:00:00,3412.83447265625
2024-11-10 02:00:00,3393.047607421875
2024-11-10 03:00:00,3370.39794921875
2024-11-10 04:00:00,3391.477783203125
2024-11-10 05:00:00,3397.83349609375
2024-11-10 06:00:00,3439.1650390625
2024-11-10 07:00:00,3455.025390625
2024-11-10 08:00:00,3538.421630859375
2024-11-10 09:00:00,3542.494140625
2024-11-10 10:00:00,3555.205322265625
2024-11-10 11:00:00,3580.547607421875
2024-11-10 12:00:00,3597.23486328125
2024-11-10 13:00:00,3583.89453125
2024-11-10 14:00:00,3550.917724609375
2024-11-10 15:00:00,3631.21044921875
2024-11-10 16:00:00,3556.972900390625
2024-11-10 17:00:00,3617.678466796875
2024-11-10 18:00:00,3724.235107421875
2024-11-10 19:00:00,3797.212158203125
2024-11-10 20:00:00,3680.83349609375
2024-11-10 21:00:00,3652.88818359375
2024-11-10 22:00:00,3601.40576171875
2024-11-10 23:00:00,3479.706787109375
2024-11-11 00:00:00,3408.474365234375
2024-11-11 01:00:00,3323.4501953125
2024-11-11 02:00:00,3320.92822265625
2024-11-11 03:00:00,3289.337158203125
2024-11-11 04:00:00,3291.49267578125
2024-11-11 05:00:00,3294.87744140625
2024-11-11 06:00:00,3264.895263671875
2024-11-11 07:00:00,3304.804931640625
2024-11-11 08:00:00,3307.856201171875
2024-11-11 09:00:00,3263.81982421875
2024-11-11 10:00:00,3168.35693359375
2024-11-11 11:00:00,3130.59912109375
2024-11-11 12:00:00,3114.843505859375
2024-11-11 13:00:00,3062.904052734375
2024-11-11 14:00:00,3154.70166015625
2024-11-11 15:00:00,3306.509521484375
2024-11-11 16:00:00,3354.011962890625
2024-11-11 17:00:00,3505.45654296875
2024-11-11 18:00:00,3568.46533203125
2024-11-11 19:00:00,3565.422607421875
2024-11-11 20:00:00,3474.524169921875
2024-11-11 21:00:00,3361.16162109375
2024-11-11 22:00:00,3351.84228515625
2024-11-11 23:00:00,3273.343505859375
2024-11-12 00:00:00,3190.758056640625
2024-11-12 01:00:00,3136.547607421875
2024-11-12 02:00:00,3105.84765625
2024-11-12 03:00:00,3101.3974609375
2024-11-12 04:00:00,3152.268310546875
2024-11-12 05:00:00,3210.527099609375
2024-11-12 06:00:00,3274.130615234375
2024-11-12 07:00:00,3345.0986328125
2024-11-12 08:00:00,3327.507080078125
2024-11-12 09:00:00,3228.012451171875
2024-11-12 10:00:00,3235.114501953125
2024-11-12 11:00:00,3205.87841796875
2024-11-12 12:00:00,3208.206787109375
2024-11-12 13:00:00,3286.5615234375
2024-11-12 14:00:00,3431.61328125
2024-11-12 15:00:00,3417.518310546875
2024-11-12 16:00:00,3486.270263671875
2024-11-12 17:00:00,3587.15625
2024-11-12 18:00:00,3575.196044921875
2024-11-12 19:00:00,3660.34912109375
2024-11-12 20:00:00,3639.814208984375
2024-11-12 21:00:00,3556.06103515625
2024-11-12 22:00:00,3477.98095703125
2024-11-12 23:00:00,3443.218505859375
2024-11-13 00:00:00,3351.575927734375
2024-11-13 01:00:00,3349.04443359375
2024-11-13 02:00:00,3351.0146484375
2024-11-13 03:00:00,3369.5302734375
2024-11-13 04:00:00,3436.46826171875
2024-11-13 05:00:00,3533.819580078125
2024-11-13 06:00:00,3565.15966796875
2024-11-13 07:00:00,3524.990966796875
2024-11-13 08:00:00,3505.980224609375
2024-11-13 09:00:00,3564.642822265625
2024-11-13 10:00:00,3514.5341796875
2024-11-13 11:00:00,3517.870361328125
2024-11-13 12:00:00,3505.223388671875
2024-11-13 13:00:00,3558.4140625
2024-11-13 14:00:00,3615.9765625
2024-11-13 15:00:00,3603.646240234375
2024-11-13 16:00:00,3590.480712890625
2024-11-13 17:00:00,3646.352294921875
2024-11-13 18:00:00,3582.90234375
2024-11-13 19:00:00,3577.031494140625
2024-11-13 20:00:00,3598.0
2024-11-13 21:00:00,3612.591064453125
2024-11-13 22:00:00,3632.4423828125
2024-11-13 23:00:00,3508.763916015625
2024-11-14 00:00:00,3477.351806640625
2024-11-14 01:00:00,3441.909423828125
2024-11-14 02:00:00,3405.29833984375
2024-11-14 03:00:00,3390.965087890625
2024-11-14 04:00:00,3411.71142578125
2024-11-14 05:00:00,3360.122314453125
2024-11-14 06:00:00,3344.379638671875
2024-11-14 07:00:00,3449.746826171875
2024-11-14 08:00:00,3485.420166015625
2024-11-14 09:00:00,3582.496826171875
2024-11-14 10:00:00,3566.367431640625
2024-11-14 11:00:00,3606.573974609375
2024-11-14 12:00:00,3576.034423828125
2024-11-14 13:00:00,3601.2841796875
2024-11-14 14:00:00,3550.853515625
2024-11-14 15:00:00,3649.404541015625
2024-11-14 16:00:00,3571.983642578125
2024-11-14 17:00:00,3552.839599609375
2024-11-14 18:00:00,3646.436279296875
2024-11-14 19:00:00,3685.595703125
2024-11-14 20:00:00,3732.143798828125
2024-11-14 21:00:00,3693.873046875
2024-11-14 22:00:00,3638.93017578125
2024-11-14 23:00:00,3524.017822265625
2024-11-15 00:00:00,3531.453125
2024-11-15 01:00:00,3498.501953125
2024-11-15 02:00:00,3451.341552734375
2024-11-15 03:00:00,3471.74658203125
2024-11-15 04:00:00,3451.884521484375
2024-11-15 05:00:00,3590.151123046875
2024-11-15 06:00:00,3430.163818359375
2024-11-15 07:00:00,3487.0263671875
2024-11-15 08:00:00,3581.147216796875
2024-11-15 09:00:00,3641.478759765625
2024-11-15 10:00:00,3659.60009765625
2024-11-15 11:00:00,3570.337158203125
2024-11-15 12:00:00,3596.09912109375
2024-11-15 13:00:00,3581.68505859375
2024-11-15 14:00:00,3579.72216796875
2024-11-15 15:00:00,3542.834228515625
2024-11-15 16:00:00,3562.838623046875
2024-11-15 17:00:00,3572.656982421875
2024-11-15 18:00:00,3625.75537109375
2024-11-15 19:00:00,3585.447265625
2024-11-15 20:00:00,3456.07373046875
2024-11-15 21:00:00,3456.46142578125
2024-11-15 22:00:00,3488.306640625
2024-11-15 23:00:00,3456.12548828125
2024-11-16 00:00:00,3419.808349609375
2024-11-16 01:00:00,3391.958740234375
2024-11-16 02:00:00,3349.74462890625
2024-11-16 03:00:00,3328.88916015625
2024-11-16 04:00:00,3348.971435546875
2024-11-16 05:00:00,3384.59130859375
2024-11-16 06:00:00,3474.573974609375
2024-11-16 07:00:00,3558.389404296875
2024-11-16 08:00:00,3581.35546875
2024-11-16 09:00:00,3551.188720703125
2024-11-16 10:00:00,3501.358154296875
2024-11-16 11:00:00,3524.583251953125
2024-11-16 12:00:00,3542.46630859375
2024-11-16 13:00:00,3503.69384765625
2024-11-16 14:00:00,3522.5625
2024-11-16 15:00:00,3372.718505859375
2024-11-16 16:00:00,3313.406982421875
2024-11-16 17:00:00,3267.556396484375
2024-11-16 18:00:00,3320.25830078125
2024-11-16 19:00:00,3307.40234375
2024-11-16 20:00:00,3223.31640625
2024-11-16 21:00:00,3259.200439453125
2024-11-16 22:00:00,3327.26025390625
2024-11-16 23:00:00,3305.059326171875
2024-11-17 00:00:00,3461.00732421875
2024-11-17 01:00:00,3417.627197265625
2024-11-17 02:00:00,3383.218994140625
2024-11-17 03:00:00,3362.078369140625
2024-11-17 04:00:00,3345.7802734375
2024-11-17 05:00:00,3365.559326171875
2024-11-17 06:00:00,3361.904541015625
2024-11-17 07:00:00,3419.26806640625
2024-11-17 08:00:00,3454.509033203125
2024-11-17 09:00:00,3431.591796875
2024-11-17 10:00:00,3373.740478515625
2024-11-17 11:00:00,3412.763427734375
2024-11-17 12:00:00,3407.828125
2024-11-17 13:00:00,3430.27880859375
2024-11-17 14:00:00,3479.23095703125
2024-11-17 15:00:00,3538.969970703125
2024-11-17 16:00:00,3526.10986328125
2024-11-17 17:00:00,3623.381591796875
2024-11-17 18:00:00,3538.080810546875
2024-11-17 19:00:00,3493.27783203125
2024-11-17 20:00:00,3422.631103515625
2024-11-17 21:00:00,3511.35205078125
2024-11-17 22:00:00,3526.540771484375
2024-11-17 23:00:00,3487.5087890625
2024-11-18 00:00:00,3477.31884765625
2024-11-18 01:00:00,3432.6884765625
2024-11-18 02:00:00,3413.94140625
2024-11-18 03:00:00,3402.584228515625
2024-11-18 04:00:00,3397.787841796875
2024-11-18 05:00:00,3508.342041015625
2024-11-18 06:00:00,3467.7587890625
2024-11-18 07:00:00,3696.8203125
2024-11-18 08:00:00,3765.386474609375
2024-11-18 09:00:00,3758.515380859375
2024-11-18 10:00:00,3669.965576171875
2024-11-18 11:00:00,3629.702880859375
2024-11-18 12:00:00,3604.89306640625
2024-11-18 13:00:00,3512.48095703125
2024-11-18 14:00:00,3390.105224609375
2024-11-18 15:00:00,3424.685302734375
2024-11-18 16:00:00,3527.952392578125
2024-11-18 17:00:00,3663.439208984375
2024-11-18 18:00:00,3611.822998046875
2024-11-18 19:00:00,3618.20166015625
2024-11-18 20:00:00,3734.4619140625
2024-11-18 21:00:00,3689.725341796875
2024-11-18 22:00:00,3646.40673828125
2024-11-18 23:00:00,3510.91845703125
2024-11-19 00:00:00,3425.746337890625
2024-11-19 01:00:00,3387.10888671875
2024-11-19 02:00:00,3329.5341796875
2024-11-19 03:00:00,3296.865234375
2024-11-19 04:00:00,3321.572998046875
2024-11-19 05:00:00,3265.300537109375
2024-11-19 06:00:00,3431.380859375
2024-11-19 07:00:00,3645.551025390625
2024-11-19 08:00:00,3825.357421875
2024-11-19 09:00:00,3929.373046875
2024-11-19 10:00:00,3960.987548828125
2024-11-19 11:00:00,4012.593505859375
2024-11-19 12:00:00,3995.31640625
2024-11-19 13:00:00,3941.719482421875
2024-11-19 14:00:00,3775.3837890625
2024-11-19 15:00:00,3809.724853515625
2024-11-19 16:00:00,3871.72021484375
2024-11-19 17:00:00,3873.366943359375
2024-11-19 18:00:00,3828.858642578125
2024-11-19 19:00:00,3722.70751953125
2024-11-19 20:00:00,3660.88037109375
2024-11-19 21:00:00,3625.928466796875
2024-11-19 22:00:00,3622.877197265625
2024-11-19 23:00:00,3527.968017578125
2024-11-20 00:00:00,3367.8525390625
2024-11-20 01:00:00,3344.924072265625
2024-11-20 02:00:00,3360.344482421875
2024-11-20 03:00:00,3353.83203125
2024-11-20 04:00:00,3357.529296875
2024-11-20 05:00:00,3531.90869140625
2024-11-20 06:00:00,3766.7978515625
2024-11-20 07:00:00,3821.5234375
2024-11-20 08:00:00,3858.345703125
2024-11-20 09:00:00,3797.741455078125
2024-11-20 10:00:00,3746.57373046875
2024-11-20 11:00:00,3716.673828125
2024-11-20 12:00:00,3759.555419921875
2024-11-20 13:00:00,3706.40869140625
2024-11-20 14:00:00,3948.746826171875
2024-11-20 15:00:00,4021.44091796875
2024-11-20 16:00:00,3822.820068359375
2024-11-20 17:00:00,3878.8408203125
2024-11-20 18:00:00,3942.400146484375
2024-11-20 19:00:00,3890.67431640625
2024-11-20 20:00:00,3824.01123046875
2024-11-20 21:00:00,3763.76953125
2024-11-20 22:00:00,3768.39306640625
2024-11-20 23:00:00,3679.7080078125
2024-11-21 00:00:00,3607.454833984375
2024-11-21 01:00:00,3616.32275390625
2024-11-21 02:00:00,3612.554931640625
2024-11-21 03:00:00,3610.305419921875
2024-11-21 04:00:00,3624.95654296875
2024-11-21 05:00:00,3773.880126953125
2024-11-21 06:00:00,3949.9775390625
2024-11-21 07:00:00,4046.020751953125
2024-11-21 08:00:00,4059.80419921875
2024-11-21 09:00:00,4084.549072265625
2024-11-21 10:00:00,4027.302978515625
2024-11-21 11:00:00,4016.300048828125
2024-11-21 12:00:00,4099.052734375
2024-11-21 13:00:00,3913.014892578125
2024-11-21 14:00:00,3759.10595703125
2024-11-21 15:00:00,3678.397705078125
2024-11-21 16:00:00,3717.7041015625
2024-11-21 17:00:00,3787.158447265625
2024-11-21 18:00:00,3842.80419921875
2024-11-21 19:00:00,3846.862548828125
2024-11-21 20:00:00,3797.478271484375
2024-11-21 21:00:00,3692.3173828125
2024-11-21 22:00:00,3624.911865234375
2024-11-21 23:00:00,3491.240234375
2024-11-22 00:00:00,3474.466064453125
2024-11-22 01:00:00,3453.675048828125
2024-11-22 02:00:00,3444.954833984375
2024-11-22 03:00:00,3456.757568359375
2024-11-22 04:00:00,3430.291015625
2024-11-22 05:00:00,3452.221923828125
2024-11-22 06:00:00,3731.522216796875
2024-11-22 07:00:00,3722.72607421875
2024-11-22 08:00:00,3836.5986328125
2024-11-22 09:00:00,3826.0625
2024-11-22 10:00:00,3872.197265625
2024-11-22 11:00:00,3791.073974609375
2024-11-22 12:00:00,3702.853759765625
2024-11-22 13:00:00,3768.484375
2024-11-22 14:00:00,3785.084716796875
2024-11-22 15:00:00,3911.66748046875
2024-11-22 16:00:00,3936.74072265625
2024-11-22 17:00:00,3853.1484375
2024-11-22 18:00:00,3786.02978515625
2024-11-22 19:00:00,3662.15966796875
2024-11-22 20:00:00,3472.076904296875
2024-11-22 21:00:00,3534.01904296875
2024-11-22 22:00:00,3757.298095703125
2024-11-22 23:00:00,3813.79345703125
2024-11-23 00:00:00,3703.92626953125
2024-11-23 01:00:00,3646.216796875
2024-11-23 02:00:00,3587.199951171875
2024-11-23 03:00:00,3566.39111328125
2024-11-23 04:00:00,3565.625244140625
2024-11-23 05:00:00,3528.629150390625
2024-11-23 06:00:00,3580.078857421875
2024-11-23 07:00:00,3542.582275390625
2024-11-23 08:00:00,3669.70751953125
2024-11-23 09:00:00,3728.688232421875
2024-11-23 10:00:00,3779.63720703125
2024-11-23 11:00:00,3825.51611328125
2024-11-23 12:00:00,3786.326171875
2024-11-23 13:00:00,3721.709228515625
2024-11-23 14:00:00,3692.833251953125
2024-11-23 15:00:00,3559.727783203125
2024-11-23 16:00:00,3455.177734375
2024-11-23 17:00:00,3619.405029296875
2024-11-23 18:00:00,3718.663818359375
2024-11-23 19:00:00,3705.898681640625
2024-11-23 20:00:00,3583.357177734375
2024-11-23 21:00:00,3546.844482421875
2024-11-23 22:00:00,3566.360595703125
2024-11-23 23:00:00,3524.022705078125
2024-11-24 00:00:00,3505.270751953125
2024-11-24 01:00:00,3438.543701171875
2024-11-24 02:00:00,3405.6337890625
2024-11-24 03:00:00,3396.928955078125
2024-11-24 04:00:00,3360.977294921875
2024-11-24 05:00:00,3355.247314453125
2024-11-24 06:00:00,3397.8681640625
2024-11-24 07:00:00,3450.080810546875
2024-11-24 08:00:00,3468.8935546875
2024-11-24 09:00:00,3502.281982421875
2024-11-24 10:00:00,3493.0
2024-11-24 11:00:00,3490.67041015625
2024-11-24 12:00:00,3499.057861328125
2024-11-24 13:00:00,3470.092041015625
2024-11-24 14:00:00,3388.693603515625
2024-11-24 15:00:00,3429.92578125
2024-11-24 16:00:00,3225.571533203125
2024-11-24 17:00:00,3337.532470703125
2024-11-24 18:00:00,3393.8212890625
2024-11-24 19:00:00,3351.451904296875
2024-11-24 20:00:00,3318.71337890625
2024-11-24 21:00:00,3350.75732421875
2024-11-24 22:00:00,3346.850830078125
2024-11-24 23:00:00,3242.486328125
2024-11-25 00:00:00,3179.911376953125
2024-11-25 01:00:00,3195.602783203125
2024-11-25 02:00:00,3183.4873046875
2024-11-25 03:00:00,3112.487548828125
2024-11-25 04:00:00,3153.973388671875
2024-11-25 05:00:00,3336.375244140625
2024-11-25 06:00:00,3408.988525390625
2024-11-25 07:00:00,3533.158935546875
2024-11-25 08:00:00,3658.604736328125
2024-11-25 09:00:00,3755.162109375
2024-11-25 10:00:00,3805.30712890625
2024-11-25 11:00:00,3786.310546875
2024-11-25 12:00:00,3753.97802734375
2024-11-25 13:00:00,3685.562255859375
2024-11-25 14:00:00,3587.9345703125
2024-11-25 15:00:00,3534.989990234375
2024-11-25 16:00:00,3369.097900390625
2024-11-25 17:00:00,3502.62353515625
2024-11-25 18:00:00,3468.8310546875
2024-11-25 19:00:00,3515.658447265625
2024-11-25 20:00:00,3507.251220703125
2024-11-25 21:00:00,3435.233642578125
2024-11-25 22:00:00,3397.411376953125
2024-11-25 23:00:00,3392.246337890625
2024-11-26 00:00:00,3361.169921875
2024-11-26 01:00:00,3329.128662109375
2024-11-26 02:00:00,3342.77587890625
2024-11-26 03:00:00,3250.1953125
2024-11-26 04:00:00,3077.093017578125
2024-11-26 05:00:00,3266.25830078125
2024-11-26 06:00:00,3401.72314453125
2024-11-26 07:00:00,3493.28857421875
2024-11-26 08:00:00,3507.0849609375
2024-11-26 09:00:00,3515.302001953125
2024-11-26 10:00:00,3507.62841796875
2024-11-26 11:00:00,3521.4697265625
2024-11-26 12:00:00,3585.544921875
2024-11-26 13:00:00,3567.989990234375
2024-11-26 14:00:00,3584.5048828125
2024-11-26 15:00:00,3663.564208984375
2024-11-26 16:00:00,3657.944580078125
2024-11-26 17:00:00,3721.732421875
2024-11-26 18:00:00,3604.28955078125
2024-11-26 19:00:00,3718.271728515625
2024-11-26 20:00:00,3657.59521484375
2024-11-26 21:00:00,3580.443359375
2024-11-26 22:00:00,3505.469482421875
2024-11-26 23:00:00,3457.064697265625
2024-11-27 00:00:00,3368.78759765625
2024-11-27 01:00:00,3303.20849609375
2024-11-27 02:00:00,3258.519775390625
2024-11-27 03:00:00,3208.5478515625
2024-11-27 04:00:00,3187.036376953125
2024-11-27 05:00:00,3233.966064453125
2024-11-27 06:00:00,3312.98828125
2024-11-27 07:00:00,3305.06787109375
2024-11-27 08:00:00,3478.0322265625
2024-11-27 09:00:00,3595.052001953125
2024-11-27 10:00:00,3591.589599609375
2024-11-27 11:00:00,3582.466064453125
2024-11-27 12:00:00,3524.83544921875
2024-11-27 13:00:00,3532.8330078125
2024-11-27 14:00:00,3509.07568359375
2024-11-27 15:00:00,3517.365478515625
2024-11-27 16:00:00,3446.599365234375
2024-11-27 17:00:00,3552.3623046875
2024-11-27 18:00:00,3540.03466796875
2024-11-27 19:00:00,3526.233642578125
2024-11-27 20:00:00,3468.258544921875
2024-11-27 21:00:00,3479.84326171875
2024-11-27 22:00:00,3453.599365234375
2024-11-27 23:00:00,3389.628662109375
2024-11-28 00:00:00,3371.886962890625
2024-11-28 01:00:00,3352.237548828125
2024-11-28 02:00:00,3332.819580078125
2024-11-28 03:00:00,3303.800537109375
2024-11-28 04:00:00,3295.0234375
2024-11-28 05:00:00,3417.856201171875
2024-11-28 06:00:00,3490.05322265625
2024-11-28 07:00:00,3479.731689453125
2024-11-28 08:00:00,3537.546630859375
2024-11-28 09:00:00,3606.766845703125
2024-11-28 10:00:00,3490.108154296875
2024-11-28 11:00:00,3521.59912109375
2024-11-28 12:00:00,3585.17529296875
2024-11-28 13:00:00,3645.93310546875
2024-11-28 14:00:00,3722.639892578125
2024-11-28 15:00:00,3899.789306640625
2024-11-28 16:00:00,3932.990966796875
2024-11-28 17:00:00,3790.973876953125
2024-11-28 18:00:00,3780.699951171875
2024-11-28 19:00:00,3816.45263671875
2024-11-28 20:00:00,3752.6298828125
2024-11-28 21:00:00,3748.762939453125
2024-11-28 22:00:00,3688.7666015625
2024-11-28 23:00:00,3624.878662109375
2024-11-29 00:00:00,3525.921630859375
2024-11-29 01:00:00,3536.648681640625
2024-11-29 02:00:00,3541.5712890625
2024-11-29 03:00:00,3467.717529296875
2024-11-29 04:00:00,3523.1708984375
2024-11-29 05:00:00,3697.525634765625
2024-11-29 06:00:00,3681.7392578125
2024-11-29 07:00:00,3551.578369140625
2024-11-29 08:00:00,3749.817626953125
2024-11-29 09:00:00,3795.4501953125
2024-11-29 10:00:00,3649.01123046875
2024-11-29 11:00:00,3518.109130859375
2024-11-29 12:00:00,3469.82275390625
2024-11-29 13:00:00,3608.3154296875
2024-11-29 14:00:00,3671.1982421875
2024-11-29 15:00:00,3774.359130859375
2024-11-29 16:00:00,3711.43505859375
2024-11-29 17:00:00,3824.820068359375
2024-11-29 18:00:00,3783.16357421875
2024-11-29 19:00:00,3686.82080078125
2024-11-29 20:00:00,3624.05712890625
2024-11-29 21:00:00,3574.93701171875
2024-11-29 22:00:00,3615.482421875
2024-11-29 23:00:00,3569.550048828125
2024-11-30 00:00:00,3504.481689453125
2024-11-30 01:00:00,3482.159423828125
2024-11-30 02:00:00,3448.11083984375
2024-11-30 03:00:00,3436.103271484375
2024-11-30 04:00:00,3436.8408203125
2024-11-30 05:00:00,3507.316650390625
2024-11-30 06:00:00,3634.29736328125
2024-11-30 07:00:00,3697.478759765625
2024-11-30 08:00:00,3657.776611328125
2024-11-30 09:00:00,3594.31005859375
2024-11-30 10:00:00,3496.056884765625
2024-11-30 11:00:00,3481.699951171875
2024-11-30 12:00:00,3483.427490234375
2024-11-30 13:00:00,3556.71435546875
2024-11-30 14:00:00,3683.986328125
2024-11-30 15:00:00,3739.027099609375
2024-11-30 16:00:00,3734.63525390625
2024-11-30 17:00:00,3789.089111328125
2024-11-30 18:00:00,3750.193115234375
2024-11-30 19:00:00,3778.1875
2024-11-30 20:00:00,3691.763916015625
2024-11-30 21:00:00,3640.28125
2024-11-30 22:00:00,3630.927001953125
2024-11-30 23:00:00,3523.126220703125
2024-12-01 00:00:00,3438.38720703125
2024-12-01 01:00:00,3375.688720703125
2024-12-01 02:00:00,3353.96044921875
2024-12-01 03:00:00,3287.152587890625
2024-12-01 04:00:00,3317.04931640625
2024-12-01 05:00:00,3353.3173828125
2024-12-01 06:00:00,3378.96142578125
2024-12-01 07:00:00,3443.29296875
2024-12-01 08:00:00,3411.001953125
2024-12-01 09:00:00,3325.7041015625
2024-12-01 10:00:00,3388.005859375
2024-12-01 11:00:00,3409.8232421875
2024-12-01 12:00:00,3400.153076171875
2024-12-01 13:00:00,3409.866455078125
2024-12-01 14:00:00,3425.023193359375
2024-12-01 15:00:00,3533.326416015625
2024-12-01 16:00:00,3564.97802734375
2024-12-01 17:00:00,3563.512939453125
2024-12-01 18:00:00,3506.4580078125
2024-12-01 19:00:00,3560.42041015625
2024-12-01 20:00:00,3493.47119140625
2024-12-01 21:00:00,3483.439697265625
2024-12-01 22:00:00,3429.408447265625
2024-12-01 23:00:00,3342.577392578125
2024-12-02 00:00:00,3260.203125
2024-12-02 01:00:00,3274.014892578125
2024-12-02 02:00:00,3241.709228515625
2024-12-02 03:00:00,3261.96240234375
2024-12-02 04:00:00,3216.18896484375
2024-12-02 05:00:00,3328.461181640625
2024-12-02 06:00:00,3254.53857421875
2024-12-02 07:00:00,3345.609375
2024-12-02 08:00:00,3516.294921875
2024-12-02 09:00:00,3537.615966796875
2024-12-02 10:00:00,3478.05078125
2024-12-02 11:00:00,3400.892822265625
2024-12-02 12:00:00,3412.254150390625
2024-12-02 13:00:00,3380.88916015625
2024-12-02 14:00:00,3264.867431640625
2024-12-02 15:00:00,3162.44580078125
2024-12-02 16:00:00,3265.71484375
2024-12-02 17:00:00,3314.21142578125
2024-12-02 18:00:00,3310.001220703125
2024-12-02 19:00:00,3494.295654296875
2024-12-02 20:00:00,3523.987060546875
2024-12-02 21:00:00,3473.538818359375
2024-12-02 22:00:00,3411.75537109375
2024-12-02 23:00:00,3409.33251953125
2024-12-03 00:00:00,3400.3984375
2024-12-03 01:00:00,3358.8369140625
2024-12-03 02:00:00,3303.691162109375
2024-12-03 03:00:00,3284.188232421875
2024-12-03 04:00:00,3254.80029296875
2024-12-03 05:00:00,3311.2373046875
2024-12-03 06:00:00,3304.392333984375
2024-12-03 07:00:00,3289.947265625
2024-12-03 08:00:00,3348.659423828125
2024-12-03 09:00:00,3284.7197265625
2024-12-03 10:00:00,3279.360107421875
2024-12-03 11:00:00,3211.0986328125
2024-12-03 12:00:00,3246.8271484375
2024-12-03 13:00:00,3317.453369140625
2024-12-03 14:00:00,3348.098876953125
2024-12-03 15:00:00,3415.534912109375
2024-12-03 16:00:00,3454.899169921875
2024-12-03 17:00:00,3496.60205078125
2024-12-03 18:00:00,3432.84326171875
2024-12-03 19:00:00,3497.20361328125
2024-12-03 20:00:00,3629.580322265625
2024-12-03 21:00:00,3662.992919921875
2024-12-03 22:00:00,3617.157958984375
2024-12-03 23:00:00,3469.7275390625
2024-12-04 00:00:00,3440.560302734375
2024-12-04 01:00:00,3399.893310546875
2024-12-04 02:00:00,3384.879638671875
2024-12-04 03:00:00,3356.911376953125
2024-12-04 04:00:00,3429.813720703125
2024-12-04 05:00:00,3543.76220703125
2024-12-04 06:00:00,3448.009521484375
2024-12-04 07:00:00,3420.7568359375
2024-12-04 08:00:00,3387.58154296875
2024-12-04 09:00:00,3508.220947265625
2024-12-04 10:00:00,3471.402099609375
2024-12-04 11:00:00,3512.519775390625
2024-12-04 12:00:00,3499.46728515625
2024-12-04 13:00:00,3530.40673828125
2024-12-04 14:00:00,3460.975341796875
2024-12-04 15:00:00,3498.551513671875
2024-12-04 16:00:00,3470.201904296875
2024-12-04 17:00:00,3585.8330078125
2024-12-04 18:00:00,3501.173095703125
2024-12-04 19:00:00,3611.0625
2024-12-04 20:00:00,3609.849609375
2024-12-04 21:00:00,3558.49609375
2024-12-04 22:00:00,3536.800537109375
2024-12-04 23:00:00,3441.462158203125
2024-12-05 00:00:00,3386.756591796875
2024-12-05 01:00:00,3354.7587890625
2024-12-05 02:00:00,3335.434814453125
2024-12-05 03:00:00,3302.440185546875
2024-12-05 04:00:00,3246.466064453125
2024-12-05 05:00:00,3365.306884765625
2024-12-05 06:00:00,3439.651123046875
2024-12-05 07:00:00,3190.4638671875
2024-12-05 08:00:00,3389.63818359375
2024-12-05 09:00:00,3530.38037109375
2024-12-05 10:00:00,3660.381591796875
2024-12-05 11:00:00,3652.230712890625
2024-12-05 12:00:00,3685.6845703125
2024-12-05 13:00:00,3659.7802734375
2024-12-05 14:00:00,3645.677001953125
2024-12-05 15:00:00,3690.029541015625
2024-12-05 16:00:00,3553.415283203125
2024-12-05 17:00:00,3619.185302734375
2024-12-05 18:00:00,3615.090087890625
2024-12-05 19:00:00,3579.755126953125
2024-12-05 20:00:00,3565.543212890625
2024-12-05 21:00:00,3581.172119140625
2024-12-05 22:00:00,3570.3134765625
2024-12-05 23:00:00,3563.05615234375
2024-12-06 00:00:00,3513.442626953125
2024-12-06 01:00:00,3456.937255859375
2024-12-06 02:00:00,3414.26220703125
2024-12-06 03:00:00,3423.03759765625
2024-12-06 04:00:00,3448.593994140625
2024-12-06 05:00:00,3511.250244140625
2024-12-06 06:00:00,3554.85791015625
2024-12-06 07:00:00,3613.205810546875
2024-12-06 08:00:00,3658.57470703125
2024-12-06 09:00:00,3653.26806640625
2024-12-06 10:00:00,3679.604248046875
2024-12-06 11:00:00,3609.794921875
2024-12-06 12:00:00,3680.249267578125
2024-12-06 13:00:00,3676.7294921875
2024-12-06 14:00:00,3699.576416015625
2024-12-06 15:00:00,3650.5087890625
2024-12-06 16:00:00,3587.6748046875
2024-12-06 17:00:00,3577.725830078125
2024-12-06 18:00:00,3576.227783203125
2024-12-06 19:00:00,3719.046875
2024-12-06 20:00:00,3677.583251953125
2024-12-06 21:00:00,3723.546630859375
2024-12-06 22:00:00,3703.696044921875
2024-12-06 23:00:00,3568.265380859375
2024-12-07 00:00:00,3501.376708984375
2024-12-07 01:00:00,3456.841796875
2024-12-07 02:00:00,3436.630126953125
2024-12-07 03:00:00,3421.32666015625
2024-12-07 04:00:00,3366.06884765625
2024-12-07 05:00:00,3401.91357421875
2024-12-07 06:00:00,3471.8310546875
2024-12-07 07:00:00,3536.87158203125
2024-12-07 08:00:00,3552.509033203125
2024-12-07 09:00:00,3567.781494140625
2024-12-07 10:00:00,3528.51171875
2024-12-07 11:00:00,3494.871826171875
2024-12-07 12:00:00,3477.237548828125
2024-12-07 13:00:00,3479.020751953125
2024-12-07 14:00:00,3596.32080078125
2024-12-07 15:00:00,3704.003173828125
2024-12-07 16:00:00,3775.456298828125
2024-12-07 17:00:00,3791.8408203125
2024-12-07 18:00:00,3718.618896484375
2024-12-07 19:00:00,3588.355712890625
2024-12-07 20:00:00,3552.74267578125
2024-12-07 21:00:00,3575.01123046875
2024-12-07 22:00:00,3592.74169921875
2024-12-07 23:00:00,3453.419189453125
2024-12-08 00:00:00,3403.22998046875
2024-12-08 01:00:00,3433.332275390625
2024-12-08 02:00:00,3368.4951171875
2024-12-08 03:00:00,3346.685791015625
2024-12-08 04:00:00,3342.907958984375
2024-12-08 05:00:00,3356.150390625
2024-12-08 06:00:00,3350.421142578125
2024-12-08 07:00:00,3399.83203125
2024-12-08 08:00:00,3443.43212890625
2024-12-08 09:00:00,3498.614990234375
2024-12-08 10:00:00,3536.552001953125
2024-12-08 11:00:00,3576.58056640625
2024-12-08 12:00:00,3527.043701171875
2024-12-08 13:00:00,3515.250244140625
2024-12-08 14:00:00,3508.418701171875
2024-12-08 15:00:00,3488.09765625
2024-12-08 16:00:00,3611.152587890625
2024-12-08 17:00:00,3712.103515625
2024-12-08 18:00:00,3741.949462890625
2024-12-08 19:00:00,3685.495849609375
2024-12-08 20:00:00,3599.165283203125
2024-12-08 21:00:00,3570.8984375
2024-12-08 22:00:00,3578.023193359375
2024-12-08 23:00:00,3636.316650390625
2024-12-09 00:00:00,3607.340576171875
2024-12-09 01:00:00,3552.045166015625
2024-12-09 02:00:00,3505.19921875
2024-12-09 03:00:00,3487.17919921875
2024-12-09 04:00:00,3489.284912109375
2024-12-09 05:00:00,3518.49755859375
2024-12-09 06:00:00,3562.15185546875
2024-12-09 07:00:00,3622.353759765625
2024-12-09 08:00:00,3576.69384765625
2024-12-09 09:00:00,3642.345458984375
2024-12-09 10:00:00,3644.640380859375
2024-12-09 11:00:00,3677.412841796875
2024-12-09 12:00:00,3736.630126953125
2024-12-09 13:00:00,3682.199462890625
2024-12-09 14:00:00,3687.337646484375
2024-12-09 15:00:00,3702.58837890625
2024-12-09 16:00:00,3826.9091796875
2024-12-09 17:00:00,3739.240966796875
2024-12-09 18:00:00,3724.739013671875
2024-12-09 19:00:00,3839.296875
2024-12-09 20:00:00,3780.865234375
2024-12-09 21:00:00,3725.84423828125
2024-12-09 22:00:00,3834.9580078125
2024-12-09 23:00:00,3736.620361328125
2024-12-10 00:00:00,3687.87451171875
2024-12-10 01:00:00,3654.102783203125
2024-12-10 02:00:00,3617.802978515625
2024-12-10 03:00:00,3569.157958984375
2024-12-10 04:00:00,3566.428466796875
2024-12-10 05:00:00,3608.078857421875
2024-12-10 06:00:00,3561.80615234375
2024-12-10 07:00:00,3771.9111328125
2024-12-10 08:00:00,3851.517333984375
2024-12-10 09:00:00,3847.622314453125
2024-12-10 10:00:00,3857.519775390625
2024-12-10 11:00:00,3840.963134765625
2024-12-10 12:00:00,3868.1416015625
2024-12-10 13:00:00,3792.0087890625
2024-12-10 14:00:00,3820.3447265625
2024-12-10 15:00:00,3778.562255859375
2024-12-10 16:00:00,3858.186279296875
2024-12-10 17:00:00,3870.953369140625
2024-12-10 18:00:00,3790.7529296875
2024-12-10 19:00:00,3825.67431640625
2024-12-10 20:00:00,3928.17431640625
2024-12-10 21:00:00,4009.743896484375
2024-12-10 22:00:00,3963.161865234375
2024-12-10 23:00:00,3984.558837890625
2024-12-11 00:00:00,3959.514404296875
2024-12-11 01:00:00,3906.13671875
2024-12-11 02:00:00,3863.764892578125
2024-12-11 03:00:00,3848.337158203125
2024-12-11 04:00:00,3831.256103515625
2024-12-11 05:00:00,3984.747802734375
2024-12-11 06:00:00,4007.91357421875
2024-12-11 07:00:00,4031.24169921875
2024-12-11 08:00:00,4045.679443359375
2024-12-11 09:00:00,4048.986083984375
2024-12-11 10:00:00,4103.712890625
2024-12-11 11:00:00,4072.033935546875
2024-12-11 12:00:00,4091.931884765625
2024-12-11 13:00:00,4110.70361328125
2024-12-11 14:00:00,4047.51806640625
2024-12-11 15:00:00,3977.517333984375
2024-12-11 16:00:00,3965.489501953125
2024-12-11 17:00:00,3951.42822265625
2024-12-11 18:00:00,3948.7958984375
2024-12-11 19:00:00,3974.5703125
2024-12-11 20:00:00,3874.277099609375
2024-12-11 21:00:00,4023.106201171875
2024-12-11 22:00:00,4082.9287109375
2024-12-11 23:00:00,3975.631103515625
2024-12-12 00:00:00,3874.78955078125
2024-12-12 01:00:00,3803.2509765625
2024-12-12 02:00:00,3791.7333984375
2024-12-12 03:00:00,3816.736083984375
2024-12-12 04:00:00,3900.368408203125
2024-12-12 05:00:00,3832.625244140625
2024-12-12 06:00:00,3914.077880859375
2024-12-12 07:00:00,3947.736083984375
2024-12-12 08:00:00,4040.764892578125
2024-12-12 09:00:00,3948.52294921875
2024-12-12 10:00:00,3957.22998046875
2024-12-12 11:00:00,3971.925537109375
2024-12-12 12:00:00,3939.582275390625
2024-12-12 13:00:00,3980.06591796875
2024-12-12 14:00:00,3899.880615234375
2024-12-12 15:00:00,3929.023193359375
2024-12-12 16:00:00,3968.273681640625
2024-12-12 17:00:00,4019.191650390625
2024-12-12 18:00:00,3991.150146484375
2024-12-12 19:00:00,3905.33056640625
2024-12-12 20:00:00,4009.762939453125
2024-12-12 21:00:00,4078.09326171875
2024-12-12 22:00:00,4093.9189453125
2024-12-12 23:00:00,4027.03857421875
2024-12-13 00:00:00,3921.778564453125
2024-12-13 01:00:00,3862.6064453125
2024-12-13 02:00:00,3836.19970703125
2024-12-13 03:00:00,3828.94091796875
2024-12-13 04:00:00,3921.551513671875
2024-12-13 05:00:00,4074.380615234375
2024-12-13 06:00:00,3976.479248046875
2024-12-13 07:00:00,4076.275146484375
2024-12-13 08:00:00,4015.168701171875
2024-12-13 09:00:00,4067.205322265625
2024-12-13 10:00:00,4103.5087890625
2024-12-13 11:00:00,4091.32861328125
2024-12-13 12:00:00,4031.700927734375
2024-12-13 13:00:00,4046.7919921875
2024-12-13 14:00:00,3949.24072265625
2024-12-13 15:00:00,4005.97265625
2024-12-13 16:00:00,4043.025634765625
2024-12-13 17:00:00,4093.516357421875
2024-12-13 18:00:00,4173.02734375
2024-12-13 19:00:00,4295.3583984375
2024-12-13 20:00:00,4197.86474609375
2024-12-13 21:00:00,4178.2890625
2024-12-13 22:00:00,4156.52978515625
2024-12-13 23:00:00,4044.673828125
2024-12-14 00:00:00,3905.705322265625
2024-12-14 01:00:00,3827.224853515625
2024-12-14 02:00:00,3797.1416015625
2024-12-14 03:00:00,3792.733154296875
2024-12-14 04:00:00,3815.782958984375
2024-12-14 05:00:00,3870.696533203125
2024-12-14 06:00:00,3908.8935546875
2024-12-14 07:00:00,4010.29541015625
2024-12-14 08:00:00,4130.45751953125
2024-12-14 09:00:00,4116.1162109375
2024-12-14 10:00:00,4121.92041015625
2024-12-14 11:00:00,4142.7060546875
2024-12-14 12:00:00,4141.6015625
2024-12-14 13:00:00,4119.5263671875
2024-12-14 14:00:00,4108.06298828125
2024-12-14 15:00:00,4080.413330078125
2024-12-14 16:00:00,4082.0087890625
2024-12-14 17:00:00,4007.459716796875
2024-12-14 18:00:00,4041.26513671875
2024-12-14 19:00:00,3971.671142578125
2024-12-14 20:00:00,3961.9072265625
2024-12-14 21:00:00,3937.330810546875
2024-12-14 22:00:00,3937.238037109375
2024-12-14 23:00:00,3887.927978515625
2024-12-15 00:00:00,3782.907958984375
2024-12-15 01:00:00,3725.7607421875
2024-12-15 02:00:00,3709.56640625
2024-12-15 03:00:00,3718.944580078125
2024-12-15 04:00:00,3763.38720703125
2024-12-15 05:00:00,3753.02685546875
2024-12-15 06:00:00,3734.453857421875
2024-12-15 07:00:00,3779.468017578125
2024-12-15 08:00:00,3845.879150390625
2024-12-15 09:00:00,3890.28173828125
2024-12-15 10:00:00,3917.656005859375
2024-12-15 11:00:00,3945.184814453125
2024-12-15 12:00:00,3935.20947265625
2024-12-15 13:00:00,3906.276123046875
2024-12-15 14:00:00,3866.387939453125
2024-12-15 15:00:00,3897.44677734375
2024-12-15 16:00:00,3978.8544921875
2024-12-15 17:00:00,4052.148193359375
2024-12-15 18:00:00,3967.423583984375
2024-12-15 19:00:00,3898.909423828125
2024-12-15 20:00:00,3938.7626953125
2024-12-15 21:00:00,3934.208984375
2024-12-15 22:00:00,3882.818603515625
2024-12-15 23:00:00,3904.211181640625
2024-12-16 00:00:00,3886.091796875
2024-12-16 01:00:00,3836.73828125
2024-12-16 02:00:00,3840.6884765625
2024-12-16 03:00:00,3862.955322265625
2024-12-16 04:00:00,3882.337158203125
2024-12-16 05:00:00,4039.397216796875
2024-12-16 06:00:00,3957.759521484375
2024-12-16 07:00:00,4087.011474609375
2024-12-16 08:00:00,4346.14208984375
2024-12-16 09:00:00,4376.91552734375
2024-12-16 10:00:00,4419.8984375
2024-12-16 11:00:00,4419.95703125
2024-12-16 12:00:00,4417.55517578125
2024-12-16 13:00:00,4375.31982421875
2024-12-16 14:00:00,4400.015625
2024-12-16 15:00:00,4398.2333984375
2024-12-16 16:00:00,4373.58740234375
2024-12-16 17:00:00,4194.68798828125
2024-12-16 18:00:00,4101.93603515625
2024-12-16 19:00:00,4082.903076171875
2024-12-16 20:00:00,4187.56396484375
2024-12-16 21:00:00,4224.00146484375
2024-12-16 22:00:00,4291.05029296875
2024-12-16 23:00:00,4232.38623046875
2024-12-17 00:00:00,4122.68212890625
2024-12-17 01:00:00,4034.2548828125
2024-12-17 02:00:00,3983.2470703125
2024-12-17 03:00:00,3994.038818359375
2024-12-17 04:00:00,3919.02197265625
2024-12-17 05:00:00,3959.051513671875
2024-12-17 06:00:00,3887.90185546875
2024-12-17 07:00:00,3996.94775390625
2024-12-17 08:00:00,4111.55029296875
2024-12-17 09:00:00,4230.826171875
2024-12-17 10:00:00,4233.08056640625
2024-12-17 11:00:00,4301.57666015625
2024-12-17 12:00:00,4407.63232421875
2024-12-17 13:00:00,4410.244140625
2024-12-17 14:00:00,4254.806640625
2024-12-17 15:00:00,4056.445068359375
2024-12-17 16:00:00,4060.959228515625
2024-12-17 17:00:00,4131.09326171875
2024-12-17 18:00:00,4118.07958984375
2024-12-17 19:00:00,4140.6884765625
2024-12-17 20:00:00,4095.644287109375
2024-12-17 21:00:00,4041.85888671875
2024-12-17 22:00:00,4023.105712890625
2024-12-17 23:00:00,3879.283203125
2024-12-18 00:00:00,3807.03662109375
2024-12-18 01:00:00,3697.770263671875
2024-12-18 02:00:00,3642.607177734375
2024-12-18 03:00:00,3588.087158203125
2024-12-18 04:00:00,3619.521240234375
2024-12-18 05:00:00,3776.699462890625
2024-12-18 06:00:00,3745.170654296875
2024-12-18 07:00:00,3960.17529296875
2024-12-18 08:00:00,4105.25927734375
2024-12-18 09:00:00,4146.9921875
2024-12-18 10:00:00,4029.788330078125
2024-12-18 11:00:00,3973.550048828125
2024-12-18 12:00:00,3975.87353515625
2024-12-18 13:00:00,3958.930908203125
2024-12-18 14:00:00,3864.796142578125
2024-12-18 15:00:00,3833.731201171875
2024-12-18 16:00:00,3872.80859375
2024-12-18 17:00:00,3884.570068359375
2024-12-18 18:00:00,3956.8017578125
2024-12-18 19:00:00,3960.98046875
2024-12-18 20:00:00,3979.05517578125
2024-12-18 21:00:00,3936.793212890625
2024-12-18 22:00:00,3919.92578125
2024-12-18 23:00:00,3847.4306640625
2024-12-19 00:00:00,3921.119873046875
2024-12-19 01:00:00,3865.6357421875
2024-12-19 02:00:00,3806.740966796875
2024-12-19 03:00:00,3768.653564453125
2024-12-19 04:00:00,3764.647705078125
2024-12-19 05:00:00,3791.279541015625
2024-12-19 06:00:00,3956.955322265625
2024-12-19 07:00:00,4074.411376953125
2024-12-19 08:00:00,4220.86474609375
2024-12-19 09:00:00,4288.97265625
2024-12-19 10:00:00,4279.17333984375
2024-12-19 11:00:00,4282.6591796875
2024-12-19 12:00:00,4222.19873046875
2024-12-19 13:00:00,4274.39794921875
2024-12-19 14:00:00,4237.60888671875
2024-12-19 15:00:00,4077.936767578125
2024-12-19 16:00:00,4046.004150390625
2024-12-19 17:00:00,4055.474609375
2024-12-19 18:00:00,4038.701416015625
2024-12-19 19:00:00,4038.4287109375
2024-12-19 20:00:00,4039.5224609375
2024-12-19 21:00:00,3962.195556640625
2024-12-19 22:00:00,3986.209716796875
2024-12-19 23:00:00,4093.615966796875
2024-12-20 00:00:00,4034.58740234375
2024-12-20 01:00:00,3966.607666015625
2024-12-20 02:00:00,3959.25830078125
2024-12-20 03:00:00,3944.20556640625
2024-12-20 04:00:00,4037.20654296875
2024-12-20 05:00:00,4162.6708984375
2024-12-20 06:00:00,4031.74365234375
2024-12-20 07:00:00,4035.055419921875
2024-12-20 08:00:00,4147.234375
2024-12-20 09:00:00,4228.138671875
2024-12-20 10:00:00,4235.10546875
2024-12-20 11:00:00,4236.41943359375
2024-12-20 12:00:00,4196.10888671875
2024-12-20 13:00:00,4358.5556640625
2024-12-20 14:00:00,4360.48291015625
2024-12-20 15:00:00,4200.5751953125
2024-12-20 16:00:00,4247.70751953125
2024-12-20 17:00:00,4206.55908203125
2024-12-20 18:00:00,4232.11376953125
2024-12-20 19:00:00,4296.48974609375
2024-12-20 20:00:00,4306.99560546875
2024-12-20 21:00:00,4290.55126953125
2024-12-20 22:00:00,4262.67333984375
2024-12-20 23:00:00,4144.21630859375
2024-12-21 00:00:00,4117.23291015625
2024-12-21 01:00:00,4068.977294921875
2024-12-21 02:00:00,4025.72412109375
2024-12-21 03:00:00,4011.655517578125
2024-12-21 04:00:00,4039.069580078125
2024-12-21 05:00:00,4059.4970703125
2024-12-21 06:00:00,4082.89697265625
2024-12-21 07:00:00,4054.417724609375
2024-12-21 08:00:00,4077.190185546875
2024-12-21 09:00:00,4115.435546875
2024-12-21 10:00:00,4198.1767578125
2024-12-21 11:00:00,4181.4580078125
2024-12-21 12:00:00,4186.7763671875
2024-12-21 13:00:00,4217.2607421875
2024-12-21 14:00:00,4252.29345703125
2024-12-21 15:00:00,4262.0439453125
2024-12-21 16:00:00,4209.34130859375
2024-12-21 17:00:00,4235.31591796875
2024-12-21 18:00:00,4174.34619140625
2024-12-21 19:00:00,4101.3095703125
2024-12-21 20:00:00,4125.82080078125
2024-12-21 21:00:00,4074.6328125
2024-12-21 22:00:00,4081.080078125
2024-12-21 23:00:00,4003.159423828125
2024-12-22 00:00:00,3914.5478515625
2024-12-22 01:00:00,3887.46875
2024-12-22 02:00:00,3869.04931640625
2024-12-22 03:00:00,3849.782470703125
2024-12-22 04:00:00,3881.806640625
2024-12-22 05:00:00,3928.685302734375
2024-12-22 06:00:00,3980.270263671875
2024-12-22 07:00:00,4026.5810546875
2024-12-22 08:00:00,4045.814453125
2024-12-22 09:00:00,4014.69384765625
2024-12-22 10:00:00,4023.121826171875
2024-12-22 11:00:00,4098.5
2024-12-22 12:00:00,4028.005126953125
2024-12-22 13:00:00,4081.0986328125
2024-12-22 14:00:00,3976.161376953125
2024-12-22 15:00:00,4016.087158203125
2024-12-22 16:00:00,3862.573974609375
2024-12-22 17:00:00,4004.46044921875
2024-12-22 18:00:00,3943.2578125
2024-12-22 19:00:00,3899.085205078125
2024-12-22 20:00:00,4106.6826171875
2024-12-22 21:00:00,4230.53515625
2024-12-22 22:00:00,4211.38330078125
2024-12-22 23:00:00,4170.4423828125
2024-12-23 00:00:00,4089.399658203125
2024-12-23 01:00:00,4030.2236328125
2024-12-23 02:00:00,3983.696044921875
2024-12-23 03:00:00,3989.8369140625
2024-12-23 04:00:00,4039.07421875
2024-12-23 05:00:00,4240.4521484375
2024-12-23 06:00:00,4342.16748046875
2024-12-23 07:00:00,4301.62548828125
2024-12-23 08:00:00,4238.77294921875
2024-12-23 09:00:00,4201.8935546875
2024-12-23 10:00:00,4226.82421875
2024-12-23 11:00:00,4251.6240234375
2024-12-23 12:00:00,4237.51708984375
2024-12-23 13:00:00,4337.74609375
2024-12-23 14:00:00,4407.58544921875
2024-12-23 15:00:00,4431.5380859375
2024-12-23 16:00:00,4187.77490234375
2024-12-23 17:00:00,4160.68896484375
2024-12-23 18:00:00,4217.01220703125
2024-12-23 19:00:00,4218.48779296875
2024-12-23 20:00:00,4209.41748046875
2024-12-23 21:00:00,4159.74609375
2024-12-23 22:00:00,4130.59423828125
2024-12-23 23:00:00,4067.557861328125
2024-12-24 00:00:00,4091.973876953125
2024-12-24 01:00:00,3996.905517578125
2024-12-24 02:00:00,3949.247314453125
2024-12-24 03:00:00,3950.156494140625
2024-12-24 04:00:00,3949.07666015625
2024-12-24 05:00:00,4009.78515625
2024-12-24 06:00:00,4024.3515625
2024-12-24 07:00:00,4032.55029296875
2024-12-24 08:00:00,4153.822265625
2024-12-24 09:00:00,4237.267578125
2024-12-24 10:00:00,4286.63134765625
2024-12-24 11:00:00,4296.2470703125
2024-12-24 12:00:00,4281.5390625
2024-12-24 13:00:00,4313.0244140625
2024-12-24 14:00:00,4301.5263671875
2024-12-24 15:00:00,4246.08642578125
2024-12-24 16:00:00,4178.87109375
2024-12-24 17:00:00,4178.2109375
2024-12-24 18:00:00,4241.2265625
2024-12-24 19:00:00,4224.275390625
2024-12-24 20:00:00,4156.0166015625
2024-12-24 21:00:00,4156.43408203125
2024-12-24 22:00:00,4160.208984375
2024-12-24 23:00:00,4031.556640625
2024-12-25 00:00:00,3991.43896484375
2024-12-25 01:00:00,3936.552001953125
2024-12-25 02:00:00,3901.787109375
2024-12-25 03:00:00,3870.060546875
2024-12-25 04:00:00,3846.445068359375
2024-12-25 05:00:00,3881.524658203125
2024-12-25 06:00:00,3918.06689453125
2024-12-25 07:00:00,3946.389404296875
2024-12-25 08:00:00,3970.575439453125
2024-12-25 09:00:00,4063.781005859375
2024-12-25 10:00:00,4099.1328125
2024-12-25 11:00:00,4095.5556640625
2024-12-25 12:00:00,4119.5009765625
2024-12-25 13:00:00,4126.0732421875
2024-12-25 14:00:00,4119.91015625
2024-12-25 15:00:00,4086.125732421875
2024-12-25 16:00:00,3907.1455078125
2024-12-25 17:00:00,3930.72900390625
2024-12-25 18:00:00,3989.966796875
2024-12-25 19:00:00,3932.58984375
2024-12-25 20:00:00,3956.296630859375
2024-12-25 21:00:00,3935.198486328125
2024-12-25 22:00:00,3906.990966796875
2024-12-25 23:00:00,3880.64208984375
2024-12-26 00:00:00,3815.622802734375
2024-12-26 01:00:00,3795.499267578125
2024-12-26 02:00:00,3785.264404296875
2024-12-26 03:00:00,3788.630859375
2024-12-26 04:00:00,3736.063720703125
2024-12-26 05:00:00,3800.666259765625
2024-12-26 06:00:00,3841.50341796875
2024-12-26 07:00:00,3908.461669921875
2024-12-26 08:00:00,3927.842529296875
2024-12-26 09:00:00,4021.444091796875
2024-12-26 10:00:00,4003.595947265625
2024-12-26 11:00:00,4039.63232421875
2024-12-26 12:00:00,4022.65478515625
2024-12-26 13:00:00,4012.44140625
2024-12-26 14:00:00,4035.112060546875
2024-12-26 15:00:00,4007.981689453125
2024-12-26 16:00:00,3997.480224609375
2024-12-26 17:00:00,3924.740478515625
2024-12-26 18:00:00,3921.20703125
2024-12-26 19:00:00,3982.65771484375
2024-12-26 20:00:00,3928.59765625
2024-12-26 21:00:00,3913.614013671875
2024-12-26 22:00:00,3840.8017578125
2024-12-26 23:00:00,3898.1416015625
2024-12-27 00:00:00,3782.858154296875
2024-12-27 01:00:00,3779.379150390625
2024-12-27 02:00:00,3782.02392578125
2024-12-27 03:00:00,3718.903564453125
2024-12-27 04:00:00,3751.940673828125
2024-12-27 05:00:00,3874.77783203125
2024-12-27 06:00:00,3918.159423828125
2024-12-27 07:00:00,3959.8681640625
2024-12-27 08:00:00,4012.346435546875
2024-12-27 09:00:00,4105.24609375
2024-12-27 10:00:00,4059.8857421875
2024-12-27 11:00:00,3995.694091796875
2024-12-27 12:00:00,4021.27783203125
2024-12-27 13:00:00,3964.918701171875
2024-12-27 14:00:00,4008.476318359375
2024-12-27 15:00:00,3711.402099609375
2024-12-27 16:00:00,3699.251708984375
2024-12-27 17:00:00,3709.6181640625
2024-12-27 18:00:00,3676.19873046875
2024-12-27 19:00:00,3673.460205078125
2024-12-27 20:00:00,3615.9501953125
2024-12-27 21:00:00,3546.419189453125
2024-12-27 22:00:00,3626.949462890625
2024-12-27 23:00:00,3908.673095703125
2024-12-28 00:00:00,3851.706298828125
2024-12-28 01:00:00,3824.690673828125
2024-12-28 02:00:00,3764.24951171875
2024-12-28 03:00:00,3703.94970703125
2024-12-28 04:00:00,3731.1513671875
2024-12-28 05:00:00,3805.603515625
2024-12-28 06:00:00,3923.0986328125
2024-12-28 07:00:00,3912.096923828125
2024-12-28 08:00:00,3783.673095703125
2024-12-28 09:00:00,3903.6005859375
2024-12-28 10:00:00,3917.343505859375
2024-12-28 11:00:00,3922.275146484375
2024-12-28 12:00:00,3888.8232421875
2024-12-28 13:00:00,3921.920166015625
2024-12-28 14:00:00,3914.787353515625
2024-12-28 15:00:00,3746.961181640625
2024-12-28 16:00:00,3704.648193359375
2024-12-28 17:00:00,3706.405517578125
2024-12-28 18:00:00,3850.748291015625
2024-12-28 19:00:00,3937.293212890625
2024-12-28 20:00:00,4022.890625
2024-12-28 21:00:00,3987.483642578125
2024-12-28 22:00:00,3934.621337890625
2024-12-28 23:00:00,3873.29833984375
2024-12-29 00:00:00,3810.086669921875
2024-12-29 01:00:00,3809.787109375
2024-12-29 02:00:00,3754.423828125
2024-12-29 03:00:00,3737.526611328125
2024-12-29 04:00:00,3760.3837890625
2024-12-29 05:00:00,3802.96923828125
2024-12-29 06:00:00,3830.3427734375
2024-12-29 07:00:00,3913.88134765625
2024-12-29 08:00:00,3895.285400390625
2024-12-29 09:00:00,4014.633056640625
2024-12-29 10:00:00,4073.736572265625
2024-12-29 11:00:00,4102.61572265625
2024-12-29 12:00:00,4074.805419921875
2024-12-29 13:00:00,4081.62646484375
2024-12-29 14:00:00,4056.530029296875
2024-12-29 15:00:00,4011.99658203125
2024-12-29 16:00:00,3838.070556640625
2024-12-29 17:00:00,3772.74462890625
2024-12-29 18:00:00,3620.480712890625
2024-12-29 19:00:00,3746.77587890625
2024-12-29 20:00:00,3706.474853515625
2024-12-29 21:00:00,3622.2314453125
2024-12-29 22:00:00,3628.785400390625
2024-12-29 23:00:00,3678.388671875
2024-12-30 00:00:00,3645.908447265625
2024-12-30 01:00:00,3561.7412109375
2024-12-30 02:00:00,3523.531982421875
2024-12-30 03:00:00,3521.736328125
2024-12-30 04:00:00,3576.443603515625
2024-12-30 05:00:00,3678.898193359375
2024-12-30 06:00:00,3790.592041015625
2024-12-30 07:00:00,3781.310546875
2024-12-30 08:00:00,3810.409912109375
2024-12-30 09:00:00,4036.9755859375
2024-12-30 10:00:00,4033.19482421875
2024-12-30 11:00:00,4032.405029296875
2024-12-30 12:00:00,4017.20263671875
2024-12-30 13:00:00,4056.262451171875
2024-12-30 14:00:00,4048.685791015625
2024-12-30 15:00:00,3775.206787109375
2024-12-30 16:00:00,3675.926025390625
2024-12-30 17:00:00,3679.461669921875
2024-12-30 18:00:00,3648.21435546875
2024-12-30 19:00:00,3850.0986328125
2024-12-30 20:00:00,3913.630126953125
2024-12-30 21:00:00,3854.50830078125
2024-12-30 22:00:00,3807.59423828125
2024-12-30 23:00:00,3729.55615234375
2024-12-31 00:00:00,3649.878662109375
2024-12-31 01:00:00,3575.244140625
2024-12-31 02:00:00,3517.7216796875
2024-12-31 03:00:00,3519.806640625
2024-12-31 04:00:00,3545.3203125
2024-12-31 05:00:00,3624.708251953125
2024-12-31 06:00:00,3691.555419921875
2024-12-31 07:00:00,3733.31298828125
2024-12-31 08:00:00,3746.929443359375
2024-12-31 09:00:00,3733.361328125
2024-12-31 10:00:00,3951.41552734375
2024-12-31 11:00:00,3960.59716796875
2024-12-31 12:00:00,3963.209228515625
2024-12-31 13:00:00,3930.5234375
2024-12-31 14:00:00,3965.68408203125
2024-12-31 15:00:00,3906.552490234375
2024-12-31 16:00:00,3779.356689453125
2024-12-31 17:00:00,3961.688232421875
2024-12-31 18:00:00,3918.49462890625
2024-12-31 19:00:00,3885.778076171875
2024-12-31 20:00:00,3759.39111328125
2024-12-31 21:00:00,3698.59228515625
2024-12-31 22:00:00,3807.1162109375
2024-12-31 23:00:00,3617.517578125
